reviewer_id,snippet_cleaned
116963147428083165216,ruangannya lebih bersih dan terawat dibanding rs milik pemerintah yg lain
117800806952580154456,tempat bersih
117800806952580154456,dokter n perawatnya ramah
112214896333586919960,bagus
102748667257031389807,pelayanan ramah dan memuaskan
102748667257031389807,ruangan nya bersih
110873603122534264234,bersih gedungx msh baru
110873603122534264234,tp birokrasi krng mndukung masyrkt kcl ibaratx ga da kolega to bekingan g bkaln bs dpt kmar bgmn nsib rkyt kecl
115708646359197400469,jauh banget
106065866235192761001,rumah sakit umum pemerintah daerah ini dikelola oleh pemda kota mataram
106065866235192761001,menyediakan layanan ambulans gratis berbagai macam dokter spesialis asuransi askesbpjs dipersilakan
102493043836470100384,kelihatannya bagus
112402960470267839984,lumayan bersih tempatnya
110047937336279038100,staf dan dokter respons lambat
104175981032797127103,perawatnya ramah
106976252938059859765,pelayanan bagus
106976252938059859765,staf ramah
106976252938059859765,parkir luas
106976252938059859765,masukan kalau bisa di pendaftaran dipisah
106976252938059859765,saat ini menggunakan 1 mesin antrian jadi kalo 5 loket menekan tombol panggil bersamaan maka harus menunggu lama krn satu nomer dipanggil 2 kali
106976252938059859765,disamping itu jumlah orang yg banyak membuat psikologi jadi kacau krn kelihatan antrian banyak sekali
108258534718423154345,kurang baik karena tidak menghargai masyarakat yang menggunakan kartu sehat dan pelayanan kurang bagi yang menggunakan kartu karena kesehatan gratis
110168762925732536319,ini adalah rumah sakit terbaik di lombok
110168762925732536319,pelayanan medisnya baik dan stafnya sangat ramah dan membantu
101009388156704028679,ruangan nya bersih
101009388156704028679,penjagaaan dan perawatan berkualitas dan ketat
101009388156704028679,biayanya terjangkau
101009388156704028679,cepat tanggap dan sigap dalam keadaan apapun trims
101834662433555655009,pelayanan bagus
110177474007010979001,rsud sangat bagus
109984488441356514481,pelayanannya bagus dan satu2 nya rumah sakit yang masuk kategori paripurna
109984488441356514481,tapi parkirannya panas banget
105032758915252273239,masih termasuk lamban dalam pelayanannya
105032758915252273239,meski di gedung vip
102587589896331623280,respon time igd untuk shift malam buruk tidak ada dokter senior yg terlihat dokter koas dengan gaya rambut yg kurang pantas sepupu dengan dbd dirujuk dari praya datang jam 18
102587589896331623280,30 belum mendapat pelayanan sampai jam 22
102587589896331623280,00 banyak pengunjung yang merokok di dalam lingkungan rs dan tidak ditegur oleh security atau petugas
102587589896331623280,perlu banyak perbaikan untuk mempertahankan paripurna
113136208499224791452,pelayanan cukup bagus
110930229088861640450,pelayanan bagus bisa bpjs
113274996754213408948,bagus parkir luas bersih pelayanan ok
101920750467367333233,rs bersih  biasa nya identik dg bau2 aneh  tpi yg  rs ini bersih dan nyaman
116753172250149217340,dokter spesialis terlengkap pelayanan sangat bagus
116753172250149217340,perawat dokter dan karyawan lainnya ramah ramah
116753172250149217340,tempat parkir luas
111145169295800055138,gedungnya megah  dekat jalan raya  bnyak dokter spesialisnya
110926769159927567004,rumah sakit daerah perawat dan dokter yang kami temui berbicara bahasa inggris dengan sangat baik
110926769159927567004,kami dibantu dengan sangat cepat dan baik
110926769159927567004,staf yang ramah membantu pendaftaran dan halhal lainnya
110926769159927567004,ada bagian nonvip dan vip di rumah sakit
110926769159927567004,orang asing diarahkan ke bagian vip yang dilengkapi ac dan ruang tunggu yang nyaman
115148663563414359728,rsu paling oke di ntb
103684110000024205021,rumah sakit terbaik di lombok dan akses menuju rumah sakit terbilang lancar
103684110000024205021,kebisingan dari luar teredam sempurna terdapat ruang vip dan ruang tunggu vvip dan suasananya begitu nyaman bagi pasien
111611313198432405383,tipikal rumah sakit umum di indonesia sangat ramai
111611313198432405383,menunggu antrian hampir 30 menit untuk registrasi menunggu 15 menit lagi untuk dokter yang tidak memanggil pasien lalu saya mengeluh
111611313198432405383,kemudian pihak customer service memberikan informasi bahwa saya bisa menjadi pasien eksklusif di gedung yang berbeda aduh hebat kenapa tidak dari proses awalsaat saya datang ke gedung eksklusif ya dengan ac tapi pelayanannya biasa saja perawatnya ribut ngobrol satu sama lain
111611313198432405383,harganya tidak mahal lho
115079125612144783789,pelayanan oke
115079125612144783789,bisa bpjs
115079125612144783789,alat lumayan lengkap
117503091278257324813,luarbiasa bagus
102549051011337525886,tempat yang bagusgood place
108185224407358636426,keren
105975947630832324026,saat ini rsud kota mataram sudah banyak berbenah pelayanan ramah fasilitas cukup lengkap biaya bersaing lokasi yang cukup strategis di pinggir jalan raya yang dekat dengan pemukiman warga hanya saja parkiran yang perlu dibenahi untuk diperluas
105975947630832324026,keren sudah punya terapi oksigen tekanan tinggi atau hyperbaric atau menyelam kering
100087695416407378770,secara umum pelayanan sudah bagus
100087695416407378770,pernah terlibat dalam proyek ini antara bulan nopember hingga akhir desember 2015
102802181730713733606,rumah sakit yg mendapat akreditasi paripurna merupakan salah satu rumah sakit yg memiliki pasien ramaijg merupakan rumah sakit rujukan dari berbagai puskesmas di mataram
113616491001759974785,pelayannya memuaskan
101600573515972726701,rumah sakit daerah yang bagus
101600573515972726701,pelayanan ramah walaupun saat ini januari 2018 sedang banyak dilkukan renovasi di berbagai sudut rs
116232728033849558772,lumayan ok
116232728033849558772,cuman tata letak perlokasi kurang pas
102411791803660804219,pelayanan bagusgood servis
111739838539145709844,rumah sakit yang sudah terakreditasi paripurna
111739838539145709844,dari mulai beroperasi sejak tahun 2010 rumah sakit ini tidak pernah berhenti untuk berbenah
111739838539145709844,dari segi fisik bangunan selalu dikembangkan seiring dengan meningkatnya jumlah pasien
111739838539145709844,terdapat unit pelayanan hemodialisa dengsn gedung yang megah dan jumlah mesin kurang lebih 60 unit
111739838539145709844,barubaru ini juga ada perubahan di instalasi gawat darurat yang bangunannya sudah rampung
111739838539145709844,jumlah pasien tiap harinya selalu banyak yang menandakan rumah sakit ini menjadi refrensi utama untuk berobat
111739838539145709844,pelayanan terapi hyperbarik juga ada dan baru satusatunya di ntb
116706210498795308166,tempat yang bersihclean place
117237824959763901776,antriannya cepat karena ada lebih dr 3 staf yang menangani bagian pendaftaran
102415589126201517523,layanan terbaikbest servis
111952146560928715903,pelayanan yang memuaskan
115990905958099178093,cukup puas
103560955016793247248,memuaskan
107396628862417932720,saya paling alergi jika harus stay dirumah sakit umum karena gambaran wc yg kurang bersih ruangan yg apek dan ramai serta kebersihan yg kurang
107396628862417932720,tapi utk kali ini acung jempol utk rumah skt umum
107396628862417932720,kamar nyaman
107396628862417932720,toilet dan ruangan bersih
107396628862417932720,staff yg ramai dan ramah
107396628862417932720,serta sistem parkir yg flat
107396628862417932720,terus berbenah ya rsud kota mataram
107396628862417932720,mantap
109629698174729501484,halamannya luaassbagus  bersih
100573803572951252805,lingkungan nya sangat panas
111287706420334378023,secara umum sudah bagus namun perlu ditingkatkan lagi pelayanannya
111287706420334378023,saya belum ke semua fasilitas ada beberapa yang saya kunjungi antara lainparkiran  masih panastoilet  ditingkatkan lagi kebersihannyaruang tunggu  gelap alias kurang pencahayaannyapetugas pendaftaran  kurang terdenger karena ramai mungkin bisa dibantu dengan layar monitoritu saja dulu heheehe
102347818206387783296,pelayanan sangat bagus kebersihan bagus terbaik buat rsu kota mataram
115629716868684462171,pelayanan ok
115249135033133627090,pelayanan cepat dan petugasnya termasuk ramah  apalagi untuk pendaftaran dibandingkan rumah sakit pemerintah lainnya dimataram sangat cepat dan efisien  hanya di bagian pengambilan obatnya yang sangat lama menurut saya lebih baik kalau rumah dekat resep ditinggal  saja diambil setelah jam 4 sore  selebihnya ok
114670752107671002490,pelayanan yang ramah dan memuaskan dari stap cleaning serviceperawatbidandokter maupun dari manajemen
104410286718669852466,aku suka rumah sakit ini cuman klu ngatri diloket pertama bisa 2 jam ntr lanjut loket kedua 3 jam
104410286718669852466,mungkin lebih ditingkatkan lgi kasihan kakek dan nenek
116258737174934534231,pelayanan sangat bagus
116258737174934534231,top deh
108959930116487542939,rumah sakit daerah tapi sangat sibuk jadi harus datang lebih awal
108959930116487542939,staf mereka lambat tapi sangat ramah
108959930116487542939,biaya untuk orang umum sedikit mahal
108959930116487542939,regional hospital but very busy so you must come early
108959930116487542939,they staff is slowly but very friendly
108959930116487542939,the cost for general person was little bit expensive
103615510040983493613,ambil antrian 3 jam  padat merayap
100178867744754261431,yg utama dr rmh sakit ini adalah pelayananya
100178867744754261431,lingkungan sekitarnyakeramatamahanya pegawe
110844651091542380956,tempat parkir yg kurang luas
106683636996523702670,rsud termantab
117830809002674066054,salah satu rs rujukan milik pemerintah kota di kota mataram
103691185843673608139,pelayanan untuk pasien bpjs optimal
105907061475477598597,bagus dn makanan juga enak
103348478513052129324,ye bagus weh
105458899378638252461,rs terbaik di ntb
109471894662404734377,rumah sakit daerah dengan fasilitas cukup lengkap
109471894662404734377,pelayanan yg ramah
109471894662404734377,pd saat sya kesini belum selesai perbaikan pasca gempa
109471894662404734377,masih banyak pembenahan
104302658906968857107,penanganan medis baik n cepat
102200201030920384648,pengguna kis yg mau rawat inap tanpa rujukan bisa langsung ke igd pasti diterima
104760312909331892668,pelayanan yang ramah tempat yang nyaman dan terawat
104771398680468919553,melintas didepan rumah sakit kota mataram untuk membeli minuman favorit kami thai tea yang berlokasi diseberang rumah sakit kota
102714247273428406064,manajemennya terlalu lambat petugasnya tidak profesional rumah sakit paling buruk di duniatoo slow management the officer is not professionalthe baddest hospital in the world
117903817395036034297,antrian terlalu panjang
107711627019236916773,pasiennya banyak
107711627019236916773,yaiyalah rumah sakit umum
115179175210641803821,sangat bersih serta pelayanan yang ramah
101388820270270120087,antrenya lamaaaaaa bgt
106922725592613739534,rsu kota mataram merupakan salah satu rumah sakit kebanggaan yg berada di kota mataram pelayanan cepat dan lokasix juga mudah di janggau
106922725592613739534,kebersihan di sini tetap terjaga
106922725592613739534,namun parkiran motor masi perlu di benahi lagi karena masi tergolong kecil dan sempit
106922725592613739534,pendaftaran pasien juga telah dapat dilakukan dengan siatem online untuk mempermudah pasien dan keluarga
106932095060046986497,secara pelayanan cukup baik dan bagus sedikit lebih bersih di bandingkan rsud lainnya tidak terlalu bau untuk staf perawat dan dokter cukup lebih baik pelayanan ugd cukup lebih baik
106932095060046986497,kita bahas kurangnya
106932095060046986497,waktu kunjung yang tidak disiplin dan tidak membatasi pengunjung yang masuk di semua kelas termasuk vip untuk ruang vip ini seperti nya di buat mendadak ruang vip yang tidak sesuai dengan namanya seharusnya untuk kelas 1 namun di jadikan kelas vip ada beberapa kekurangan kelas vipnya tidak ada shower  air panas untuk pasien air keran macet setiap hari closed tutup yg rusak wastafel macet tidak keluar air sama sekali banyak gorden yang bergelantungan sehingga merusak pemandangan di kelas vip
106932095060046986497,cukup itu saja semoga lebih baik lagi
115030515365060913761,tempatnua bersih dam ramah untuk pasien
109345165917461923473,nyaman ini rs untuk kelas kota
105939787247983823436,sekarang pelayanannya lebih cepat di pendaftaran
105939787247983823436,tapi kalau di poli tetap menunggu sesuai antrian
112141296047066937481,antrian panjang pelayanan yg baik meskipun harus bolak balik sana sini
104510261359803942589,pelayanannya bagus petugas ya ramah tempatnya bersih lokasinya strategis
105254628261987831819,gak becus digaji pake uang rakyat kerja gk becus
115558588604110653176,rumah sakit gwneral
115558588604110653176,bagusgwneral hospital
115558588604110653176,good
118119345714993606214,pengalaman sy beberapa kali opname dr segi pelayanan sangat baik
118119345714993606214,semua perawatx ramah dan tanggap
103789469752375244721,saya k poli bedah pakai bpjs malah diputer diputer terus katanya ini belum lengkaplah harus setiap check up bawa rujukan baru  daftar nunggunya antrian ampe ratusan  antri ke satu kedua dan ketiga ya wajar kali ya begitu tips buat saya sih lebih ramah dan murah senyum buat perawat perawat karna kita ngantri kalau lihat orang cemberut tambah kesal
103789469752375244721,bagaimana nasip orang yang dari lotim dan loteng ya kalau ke sini
109755930421748920692,pelayanan baik dan bersih
100818264115349146098,rumah sakit
106820596922136232308,sy pergi kontrol dateng jam 6 pagi bahkan ada yg datang jam 5
106820596922136232308,30 buat ambil antrian loket pendaftaran buka jam 7 masih wajar
106820596922136232308,nah pas daftar kok petugas polinya dateng jam 8 lumayan jauh beda 1 jam nunggu nah dokternya dateng jam 9 itu jarak antaran buka pendaftran buka poli dan dateng dokter terlalu jauh memangnya dokter gak bisa jam 7 di samakan dengan buka loket pendaftaran   ayolah di rubah masa org sakit di suruh nunggu sampe 1 2 jam
106820596922136232308,mohon untuk di perhatikan lagi
106820596922136232308,terima kasih
106852789102540335222,dokter kulitx ngk ramah
106852789102540335222,lahh guee dh pke asuransi mahal pelayananx adehhh ngk bgt yg lbh byk curhat dokterx wkwkwk
111982998906322250417,layanan bagus
116046640516755724531,tidak ada vaksinasi rabies yang tersedia saat ini
116046640516755724531,seseorang dengan tingkat bahasa inggris yang sangat baik merawat kami dan menelepon tempat lain untuk memeriksa stok mereka
116046640516755724531,akhirnya menemukannya di rumah sakit siloam dan mendapat suntikan di sana
116046640516755724531,ini sangat membantu
111981771063991532679,pelayanan yang baik dan sangat profesional
107232824822869799273,rumah sakit senyum smile hospital
103873638141811675200,dr
103873638141811675200,dwije siapa barang kali namanya ahli bedah   dr
103873638141811675200,ini tidak pantas menjadi dokter ndak ada etika  semoga ada teguran buat anda
117309584748370827593,awalnya saya lihat tempat ini bagus
117309584748370827593,dari ugd pelayanannya bagus
117309584748370827593,di stroke centre bagus juga pelayanannya
117309584748370827593,malam ini sangat kecewa dengan oknum suster di sc
117309584748370827593,jutek ketus ngomong kurang sopan
117309584748370827593,gak semua orang bisa jadi perawat gak semua orang bisa tahan dengan bau kotoran manusia dan mengganti pempers
117309584748370827593,omongannya merendahkan orang sekali
117309584748370827593,kalau saya bisa saya gak minta tolong
117309584748370827593,gak semua orang kuat seperti dia
117309584748370827593,kalau saya kuat mungkin sayansudha milih utk jadi perawat juga seperti dia atau even dokter
117309584748370827593,saya gak sebutin siapa orangnya
117309584748370827593,dia juga kerja utk keluarganya
117309584748370827593,tp tolong sopan ngomongnya
117309584748370827593,kita masuk rs juga karena kita gak bs menangani
117309584748370827593,ya anda jangan samakan orang lain dengan anda
117309584748370827593,kami saya loh ke rs sangat menghormati perawat dan dokter disini tolong sebaiknya
117309584748370827593,itu 1 poin
117309584748370827593,pin lainnya adalah kalau orang lain yang bikin rame ya situ tertibkan pengunjung lainnya itu
117309584748370827593,kalo gak bisa dikasi tau ya panggil security
117309584748370827593,yang nunggu kok dilarang masuk di kunciin pintu
117309584748370827593,kalo gak ada kebutuhan utk ngeliat gak mungkin yang nunggu juga mau masuk ganggu
117309584748370827593,itu sama juga dengan perawat yang saya sebutin diatas
117309584748370827593,tolong di briefing lagi
117309584748370827593,terutama pengunjung pengunjung yang gak bgerti aturan rumah sakit
117309584748370827593,bilangnya boleh bertamu jam 5sore9malem dan maksimal 2 orang
117309584748370827593,kami sudah mengikuti aturan
117309584748370827593,kalau orang lain yang berbuat jangan kami yang kena dampaknya
117309584748370827593,oya dan 1 lagi
117309584748370827593,itu perawat yang saya sebut diatas saat saya masuk ruangan saya bilang wah bau juga ya abis bab di jawab besok besok bawa pewangi ya biar gak bikin bau seisi ruangan bener bener excellent jawabannyagara gara 1 orang perawat dan tidak ada penanganan utk pengunjung yang gak tau aturan semua kesan baik tentang pelayanan lainnya hilang
114601138856651900149,rumah sakit pemerintah dengan pelayanan terbaik dan di fasilitasi sarana kesehatan yg hampir lengkap
104865095786543201282,pegawai rumah sakitramah mau menjelaskan
104865095786543201282,terima kasih
110505924935633522914,saya mendapat luka bakar parah di knalpot sepeda motor saya jadi saya berkendara jauhjauh ke sini dari kuta
110505924935633522914,nampaknya seluruh fasilitas kesehatan di kuta hanya memangsa orang sakit dengan memanfaatkan kemalangan mereka melalui pencungkilan harga
110505924935633522914,bagaimanapun aku senang bisa berkendara jauhjauh ke sini
110505924935633522914,rumah sakit ini tampak sangat kacau pada pandangan pertama tetapi sebenarnya tampak efisien
110505924935633522914,saya kagum dengan betapa cepatnya saya masuk dan keluar
110505924935633522914,stafnya baik berbicara bahasa inggris dengan cukup dan sangat profesional
110505924935633522914,harganya juga sangat adil
110505924935633522914,saya membayar sekitar 120k rupiah untuk mendapatkan konsultasi antibiotik obat penghilang rasa sakit dan perlengkapan untuk mengobati luka saya selama beberapa hari
110505924935633522914,saya sangat merekomendasikan datang ke sini jika anda membutuhkan bantuan medis
112800432100623817357,2 tahun yg lalu lahiran dsinientah krna sya mlahirkan x subuh trus bidanx pada ngantuk smua ato gmna
112800432100623817357,trus sya x diabaikan gtu aja
112800432100623817357,bidan2 x ngomel2in truswktu kontraksi sya dtinggal tidurudah lahiran ditinggalga dibersihin ga dipakaikan apa2
112800432100623817357,smpe sya mngurus diri sya sndrian
112800432100623817357,pdahal sya bayar x lewat umum
112800432100623817357,dan skrg sya jadi ragu mau lahiran dsini lagi
109278523954842845478,kasian gak ada tempat duduk tunggu buat keluarga yg masuk igd
116693238595206875404,pelayanan rumah sakit pemerintah yang bagus
116693238595206875404,hanya saja parkir sering full dijam tertentu
105579912897897315408,bulan lalu operasi di rs ini pelayanannya juara
105579912897897315408,dokter perawat dan stafnya ramah
105579912897897315408,fasilitas kamarnya lengkap dan bersih
105579912897897315408,birokrasinya mudah dan bagus semoga tetap dipertahankan dan kalau bisa ditingkatkan
109035535569864900816,administrasi simpel
116080024614520056723,rmh sakitnya bersih
116080024614520056723,pelayanan pendaftaram untuk msk ke poli jg bagus
116080024614520056723,tp yg di ugd shif mlmbkin kecewa
116080024614520056723,masak pasien dlm keadaan emergency dsrh balik lg gara2 datang tdk sesuai prosedur
116080024614520056723,gk di periksa sma skli cmn dtng liat2 dr jauh trus sruh blik pukesmas sementara si pasien lg pendarahan hebat n punya penyakit gagal saraf
116080024614520056723,benar2 mengecewakan
106180978861122575846,pelayanan bagus walaupun ktp lombok tengah tetap dapat gratis
116536804957520945568,pelayanan terhadap pasien sangat bobrok tidak punya respon sama skali tanggung jawab kalian merawat pasien cuma kedok belakang
102845364626603489663,gedung baru rs kota mataram
104718628574471259845,rs sangat bersih
112700594485536949385,alhamdulillah baguslah pelayanan nya
112700594485536949385,walaupun ada susnya yg jutek
105901336852982896983,bagus sudah standard rumah sakit
103351119153597124358,sepertinya perlu perluasan karena lahan parkir kurang
110659008543679831568,pelayanan yang baikgood service
114701363718377074324,dari jam 11
114701363718377074324,30 saya disini sudah tidak ada security yang menerima batang titipanpasien sudah dari tadi menunggu barang yang dititipkan tapi tidak ada yang dtg ambilpelayanan terburuk
117823214506222319186,selama masa pandemi covid 19 ada aturan pengurangan jumlah penjenguk pasien
117823214506222319186,siiiplah
106594199591075355593,ada beberapa perawat yg pelayanannya kurang baik sy harap melayani pasien dengan sepenuh hati karena berpengaruh jg untuk pasien dan kami keluarga dari pasien merasa aman
111331709543979047438,saya jual ginjal
118220067733253349215,rumah sakit yang bagus dan berjasa
117323436464400045874,semua pelayanan kesehatan yang baik ada di sini
110805725132483763486,pelayanan sejauh ini bagus
110805725132483763486,perawat dan dokter ramah
116422314693866166169,tempag parkir yang kurang luas
107663532693210783401,paripurna coy
102369309751422304012,rumah sakit yang nyaman bersih
109042819161102852127,tlong dipecat aja perawat yg ndk becus kerjanyamasa alm tmen sy lgi koma2 malem harus dirawat intensif  malah pagi bru dteng perawatnyapdahal dihubungi dri malem smpe ibunya ortu tmen sy nangis krna dia sndiri jga alm tmen sy
109042819161102852127,smpe kmren pagi hrus berpulang
109042819161102852127,krna ulah perawat yg telat penanganan pdahal urgent
109042819161102852127,apa iya uang lbh penting dri nyawa toh juga kalian digaji dri pasien yg berobat kesana kejadian nya bru ini2124 mei 2021
107328588874122935166,good respon
108057827510554093440,perawatnya jarang senyum
110417019015756240801,lokasinya strategis di tengah kota mataram
110417019015756240801,layanan medisnya lengkap dengan gedung baru dan renovasi pasca gempa
110417019015756240801,layanan dan administrasinya juga sudah dilengkapi dengan sistem online dan berbasis aplikasi menggunakan jaringan internet
113778033118539229313,pengalaman saya di sini sangat bagus pelayanannya super cepat tidak ada alur yang rumit tidak seperti rumah sakit daerah yang saya kenal sebelumnya
113778033118539229313,sangat menghargai para dokter dan staf yang selalu ramah
113778033118539229313,terima kasih
113778033118539229313,i had really good experience in here the service is super fast no complicated flow unlike regional hospitals i have known before
113778033118539229313,well appreciate the doctors and the staffs who always friendly
113778033118539229313,thank you
118270155068595959252,mau tanya apakah bisa vaksin di sini dan syarat nya apa saja karena saya ktp dari luar daerah tetapi sudah menetap di mataram terima kasih
103606573982587725474,pelayanan sudah baik
103606573982587725474,kecuali mbak petugas loket 4 pendaftaran agak ketus sih
103606573982587725474,makanya lebih suka daftar online biar ga ke loket dulu
103606573982587725474,di depan poli rasanya terlalu padat jadinya ga bisa nerapin protokol kesehatan garagara orangnya terlalu banyak
103606573982587725474,kadang sampe ga dapet tempat duduk kalo ngantri di poli
103606573982587725474,ribet juga untuk yang pakai kursi roda soalnya ga ada tempat khusus
102210812292332533613,satpam di bagian graha kok gak becus tugas baru jam 12 malam sudah menghilang tinggalin tempat jaga jadi satpam aja kok malas2san gimana kalo ada hal darurat keluarga lagi kritis trus mau masuk masak tunggu mati dulu baru dibukain
115198774439951575049,katanya 24 jam pelayanan tapi pas saya cek di malam hari sudah tutup di suruh datang pagi hari
115198774439951575049,sia dari lombok tengah datang ke mataram
115906797717552235822,pelayanan untuk tes swab pcr sangat tidak profesional
115906797717552235822,karyawan lelet dalam bekerja alur pendaftaran dan pengurusan administrasi tidak jelas koordinasi antar karyawan sangat buruk sehingga antrian kacau macet dan lama
115906797717552235822,ada kakek nenek yang sudah datang dari jam 8 pagi utk keperluan swab antigen belum selesai mengurus administrasi sampai jam 11 siang
115906797717552235822,petugas hanya menjawab tunggu saja bu nanti juga dipanggil
115906797717552235822,matamu kalau anda bekerja benar tidak mungkin orang menunggu 3 jam hanya mengurus administrasi
115906797717552235822,harus bawa fotokopi ktp sedangkan di tempat lain hanya perlu menunjukkan ktp sebagai syarat administrasi
115906797717552235822,berkas orang tertumpuk dan dibuang acak sehingga ada yang baru menunggu setengah jam sudah dilayani sedangkan yang menunggu berjamjam di depan meja administrasi tidak dilayani dan dibilang tidak sabaran
115906797717552235822,susah melawan orang yang yang tidak bisa bekerja
115906797717552235822,untuk alternatif tempat lain swab antigenpcr silahkan ke prodia
115906797717552235822,1
115906797717552235822,032k900k swab pcr132k 2x konsul dokter
115906797717552235822,sangat worth it karena tempat nyaman dokter dan petugas admin ramah dan profesional alat tes baru hasil tes bisa dilihat online di aplikasi
112089254053762234216,mantul
116771302349511861840,pelayanannya baguspernah kesini waktu radang telinga 2019 lalu
106607483068629868628,di luar banyak sekali nyamuk pas malam hari berarrti karyawannya  tidak rajin membersihkan got
116284830847523023230,pelayan yang sangaaaaaat cukupcukup membuang waktu pasien
109504227143382120907,rumah sakit plat merah dengan pelayanan paling baik di pulau lombok
114181178966522322963,hey there ive just been there to see my friend who gotten the accident yesterday
114181178966522322963,however i coundnt in and see her personally thats sad
114181178966522322963,saya sangat paham aturan rumah sakit untuk membatasi pengunjung
114181178966522322963,dan perlu diketahui hari ini saya hanya datang untuk mengantarkan minum untuk rekan saya yg kebetulan notabene rantauan dan sedang sendiri dikamar saya berencana bergantian kunjungan dengan rekan yang lain
114181178966522322963,yang saya tidak suka adalah tentang cara bagian stakeholder rsu atau frontliner berbicara
114181178966522322963,bisakah security rumah sakit memberitahu dengan nada yang sopan dan tidak nyolot mohon untuk ditraining kembali bagaimana cara memberikan servis atau merangkai kalimat yang baik kepada pengunjung
114181178966522322963,semoga bpk security yang terhormat sehat selalu dan kelak tidak mendapat perlakuan yang sama
114181178966522322963,terimakasih dan selamat malam
110551957895093687835,cukup lengkap fasilitas dan pelayanan lumayan cepet
104755898366749897761,pelayanan baik dri igd dan rawat inap
104755898366749897761,penjagaan ketat tapi beberapa lift rusak
104755898366749897761,parkir nyaman
104755898366749897761,toilet nyaman
104755898366749897761,lobi luas
104755898366749897761,ruang tunggu poli sangat sempit
109078998235362849164,pasilitas lengkapdan pelayanan sangat ramahcleaning service nya sangat ramah dan sopan
115862552715548596716,satpam depan igd kurang ramah
109866013066536980112,lol ngakak sama satpamnya jelas2 adek sy gaada yg jaga gila banget keluarga cuma di suruh jaga 1 orang aja malah lebih gilanya gaboleh ada yg jaga ye jogang
109866013066536980112,adek saya baru kecelakaan ntar kalo dia kenapa2 mau saya tuntut wkwk kamar lain boleh tuh sampe dua tiga orang gawaras satpamnya
109866013066536980112,saya gaakan sentuh rs kota lagi masih banyak rs di lombok
109866013066536980112,tolong satpam nya di ajarin ber attitude hari ini tgl 13012022 satpamnya perlu training lagi anjir
109866013066536980112,kaga sopan banget cara ngomong kasar gajelas
101084918003949124800,satpamnya yg kurang sopann cara bicara kepada keluarga pasien tolonggg di ajarin cara berbicara yg baik dan benar kepada keluarga pasien
104120321151403678814,satpam mohon di training lagikurang attitude dehh
104280266853157429561,tolong utk rs kota ajarin satpamnya sopan santun taukan lombok itu terkenal sama kesopanannya tapi ini kok satpamnya berbicara dengan nada yg tidak enak sekali tolong di bina lagi kmi juga sangat paham dengan aturan dirumah sakit terutama yg di depan igd katanya kami pengunjung tidak hormat kepadanya kita sudah mengikuti prosedur yg berlaku disini sy cuma mau mengantarkan kk sy utk sekedar tau ruangan pasien tp satpamnya malah ngomong dengan nada tinggi
118040617847261559610,pelayanan oke untuk parkir pendaftaran dll mudah dan dibantu oleh staff rumah sakitoverall good
113722126940969214338,nyaman lobinya terlalu sempit
105925009865836467756,pelayanannya lama saat melakukan swap kekurangan petugas swap kelihatannya karena petugas lab nya jadi bolak balik
105925009865836467756,saya menunggu di sana 1 jam lebih
110707391505183118500,pelayanan bagus dan cukup ramah
110707391505183118500,kebersihan rumah sakit sangat terjaga
102817891074172536315,dokter tidak komunikatif pelayanan rs buruk no tlp tidak pernah terjawabbad hospital
100856123784904670093,pelayanannya bagus bersih rapi luas
102281451336168345945,pelayanan prima
114982531412357230956,1
114982531412357230956,satpam tolong ajari sopan santun ke keluarga pasien
114982531412357230956,2
114982531412357230956,cs lwat wa tolong ajari bals yg sopan kita yg masih awam wajarlah banyak bertanya tolong balasnya yg enakin hati
111546178087796669968,rs kota mrnyediakan vaksin booster gak yaklo mnyediakan hari apa aj
100054851872114540009,bersih
100054851872114540009,dan pelayanan cepat
109251340143532229053,satpam kurang sopan
112195911021512550168,masuk vip perawat masih baru belajar atau karena pake bpjs x ya
106060956508347371389,dr adi hidayat  pelayanan maksimal terima kasih dokter
101055941788433641821,pelayanan okupasi terapi sensori integrasi terapi perilaku prevocational pasca stroke
113490393694258903877,pelayanan poli gigi nilai 100
113490393694258903877,pelayanan poli mata nilai 50 petugasnya lelet dan kurang pintar banyak ngobrol parah
113490393694258903877,bagian kasir nilai 60 mukanya datar gak ramah kayak lagi banyak masalah
113490393694258903877,petugas parkir nilai 90gedung rs nilai 70bagian pendaftaran nilai 50 sdm nya kurang lambat
106576513772850803820,antrian panjang seperti di semua rumah sakit besar di indonesialong queues like in all big indonesian hospitals
107625691467941959732,mau masuk saja satpam banyak tanya ini lah itu lah kek kita mau ngerampok aja dan attitude 0
111945326297188957679,sangat tertata dan rapi
111945326297188957679,semua teamnya ramahramah
104915728759216243160,tolong satpam di breafing bagaimana cara menerima pasien dan keluarga pasien
104915728759216243160,di jelaskan juga tugasnya apa supaya dy lebih faham
104915728759216243160,jangan yg tugasnya menjaga pintu masuk malah sibuk dengan hp
104915728759216243160,giliran mw masuk malah marah dan ngedumel capek sy buka pintu
104915728759216243160,padahal sy baru ingin tukar jaga dengan sodara sy
104915728759216243160,tolong jangan karna satu atau dua oknum rumah sakit yg mempunyai citra baik malah rusak
105950512062420623712,satpamnya tidak sopan sama sekali dan belagu
114834128394629492170,peralatan yg lengkap
114469794785750613424,rencana mau operasi acl disini semoga membantu
105728114226306518246,sangat baik
110417248244804211834,pelayanan igd nya sangat cepat dan tanggap
110417248244804211834,ruangannya bersih
110417248244804211834,pengurusan administrasi pasien mudah
110417248244804211834,satpam sigap membantu pasien yg baru datang untuk di antar ke tempat tidur
110417248244804211834,ruangan igd nya wangi
110417248244804211834,petugas tertib mengatur keluarga pasien yg mengantar
110417248244804211834,parkiran rumah sakitnya cukup luas
110417248244804211834,hanya saja untuk ruang tunggu atau rest area perlu ditambah jadi tidak ramai2 kluarga pasien menunggu di pintu kedatangan utama terkesan kurang bagus
110417248244804211834,maju terus rsud kota mataram dengan segala trobosan inovative nya
107287337858467943063,rumah sakit dengan fasilitas cukup bagus dan lengkap
101271716392607120154,okeok
112542632484945110369,bagus
102918922889817670955,alhamdulillah proses pelayanan melahirkan cepat tanggap dan tepat
102918922889817670955,kelahiran anak ke4 dalam keadaan sehat wal afiat baik ibu dan anak
116735722674929925302,rumah sakit yang selalu siap siaga dengan melayani setulus hati
108876625121993832895,semuanya oke perawatan dan fasilitasnya oke
108876625121993832895,tapi satu yg paling mengganggu adalah perawat ini super duper berisik di siang bolong ketawa dam ngobrol kenceng bgt smp ganggu pasienpasien yg lg istirahat posisi di gedung vip yg kecil dan hanya ada bbrp kamar per lantai
108876625121993832895,coba tolong para pimpinan ditata dan ditraining lg atittude para perawatnya
108876625121993832895,bisa kok ngobrol dan bercanda tnp hrs suara kyk pake toa di gedung yg kecil gini
106567033244410579729,perawat sangat2 tidak tanggap ketika ada keluhan pada pasien di ruang rawat inap perawat hanya saling mengandalkan satu sama lain
106567033244410579729,mohon maaf rs ini sangat2 tidak recomended mulai dari awal pelayanan di igd dan poli pun sgt mengecewakan
110760094143861921995,rsud kota mataram melayani dengan senyummutuinovatiflengkap dan efisien
117605186581748912853,rumah berdekatan dgn rumah sakit kalo sakit jalanya lebih cepet tapi nganterenya ya sama dgn datengnya jauh
117605186581748912853,antere harus dibudayakan
114323043613594998057,pelayanan di poli rehabilitas terutama di pagi hari perawatnya kurang disiplin dalam melayani pasien banyak ngerumpi sehingga pasien terlantar yang seharusnya dalam 30 menit masuk 10 pasien tp perawatnya hanya memanggil 3  5 pasien ketika di tanyak knp saya daftar onlin jam 0846 kok sampai jam 1130 belum di panggil padahal datang jam 0800 dgn 1000 alasan perawat jawab padahal masalahnya mereka banyak ngerumpinya
114323043613594998057,tolong itu di pantau kalau perlu di taruk cctv saja agar tahu mana yg kerja dan mana yg banyak ngerumpinya
108896470047790010121,pelayanan di bagian administrasi tidak ramah mbak2nya jutek
105645302660346904670,lama
110793850690123931525,bersih nyaman dan pelayanan nya bagus
115440328578655845740,perlu banyak perbaikan intensitas pimpinan rsud untuk turun langsung memeriksa pelayanan dan sebagainya sangat diperlukan agar profesionalitas dalam pelayanan semakin baik
115440328578655845740,bagaimana akan baik dalam kwalitas pelayanan kalau pimpinan tidak rutin memeriksa kerja bawahan secara langsung dan jangan hanya menerima laporan baik baik saja
111788308928364037811,pelayanan bagian cs wa nya parah
111788308928364037811,di wa kok hanya di read tidak dibalas
111788308928364037811,lalu apa gunanya ada no wa csnya
111788308928364037811,lebih baik ditiadakan saja
118290535550494423380,bagus pelayanannya dan bersih
111377306453720396201,pelayanan bagus  cepat
109059730437948545783,pengalaman sy berobat ditempat ini cukup memuaskan didukung oleh peralatan penunjang yg memadai dengan pelayanan yg ramah
115103986472773021282,pelayanan nya bagus cepat dan antrian sangat tertib
115103986472773021282,dr saya sangat ramah dan very helpful dr eddy sppd  thank you dok
115103986472773021282,satu yang buat saya tidak nyaman satu petugas wanita di lt 2 radiologi what an attitude
115103986472773021282,tertawa terbahak2 membahas urusan pribadi sementara pasien lain menunggu untuk cek usg dan tidak melayani dengan ramah menjawab pertanyaan pasien dengan cetus
115103986472773021282,sayang sekali tdk punya name tag yang bisa di tandai
115103986472773021282,mohon untuk etika pekerja nakes di wajibkan untuk setiap petugas  yang berhadapan langsung dengan pasienkeluarga pasien
100632367449776083959,poli eksekutifnya baik nyaman ramah dah transparan
100632367449776083959,sangat rekoment untuk kesini
100632367449776083959,buat yang nggak suka ribet antri dan desak2an di poli umum biasa
100632367449776083959,karena waktu sangat berharga
106211562252654861841,alhamdulillah pelayanan baik dokter perawatnya baik semua
106211562252654861841,keluhan sakit mata ditangani dengan baik
106211562252654861841,terima kasih
110748825498717029551,tolong untuk security nya kalau orang bertanya itu di respon dengan etika baik bukan malah di suruh nunggu terus cuek  security nya tolong di beri tahu untuk punya etika dan moral
116950231140885861315,pelayanan sangat sangat bagus kecuali perawat di poli dalam satu yang cewek galak bgt
108230234616882802941,saya sangat tidak merekomendasikan rs ini
108230234616882802941,kalau tidak sekarat ga boleh dirawat inap
108230234616882802941,alhasil mertua saya meninggal dunia karena tidak ditangani sejak awal
108230234616882802941,sudah bolak balik ke igd nya 5 kali minta di rawat inap karena kalau pulang kondisinya pasti drop tapi tetap tidak dibolehin rawat inap sama dokter igd nya
108230234616882802941,baru ketika kondisinya sudah sangat sangat sangat lemah baru di rawat inap dirawat inap pun pelayanannya lelet
108230234616882802941,hari sabtu kondisi mertua sudah semakin lemah dokter yg datang tidak berani melakukan tindakan karena harus nunggu dokter jantung katanya dokter jantung sudah di wa tapi cuma di read dan di minta nunggu hari minggu karena dokter jantungnya hari minggu ada jadwal piket
108230234616882802941,kami nunggu hari minggu kondisi mertua makin memburuk dokter jantung datang tapi cuma datang dan melihat doank tanpa ada tindakan yg berarti katanya nunggu hari senin untuk cek lab karena hari minggu pegawainya libur
108230234616882802941,hari senin mertua saya koma dan masuk icu siang hari akhirnya meninggal sore hari
108230234616882802941,sumpah saya ga rela dunia akhirat
108230234616882802941,akibat kalian yg lelet memberi penanganan mertua saya meninggal dunia
110933677483567955692,sangat menyenangkan bisa melahirkan di rs kota pelayanan dan fasilitas nya sangat lengkap
114736564826844584041,lama bnget
108050444514261857663,staff ramah semua dokternya baik ramah teliti banget dan tiap berobat antri lama karena rame banget yang pagi maupun sore
100319409334742373021,sangat tidak merekomendasikan rs ini karena pengunjung dianggap kriminal sampai dijaga 3 orang satpam
100319409334742373021,mana omongan satpam nggak konsisten dan nggak bisa dipercaya
117740550371304069593,satpamnya gak tau sopan santun saya tersinggung karena sya sama sodara sya di jaga supaya gak naik keatas lantai 4 sama 3 orang satpam
117740550371304069593,kalok emang gak boleh naik yaudah gapapa tapi jangan dijaga sampe 3 org gitu
117740550371304069593,udah kayak sya mau maling apa ajak
117740550371304069593,tolong dah di ajarin satpamnya supaya ada sopan santunnya supaya gak foto foto orang sembaranga mana ngetawain lagi
117740550371304069593,saya pelanggan ya bukan maling
115026184298113423760,saya tersinggung sama sikap buruk satpam yang ada di graha
115026184298113423760,saya tau aturan kalau tidak boleh lebih dari satu orang jaga pasien diruang perawatan jika belum waktunya jam besuk tadi saya hanya ingin mengantarkan adik saya satusatunya ke ruang operasi tapi tidak diperbolehkan dan cara satpamnya melarang itu menurut saya tidak ada etika
115026184298113423760,saya dijaga selayaknya maling tidak hanya satu yang menjaga saya disana tapi tiga orang sambil tertawa melihat saya
115026184298113423760,dan akhirnya saya memilih pulang karena sangat tersinggung dengan etika buruk satpam dan menitipkan makanan ke ibu saya di atas
115026184298113423760,tolong ya satpamnya diajarin sopan santun diajarin sikapnya supaya ada etika kalau berhadapan sama orang
112378292280504501934,dokter bedah umum yang namanya dr
112378292280504501934,agung belagu bgt orangnya team management tolong di tegur orang kayak gitu soalnya dokter2 yg kayak gini yang ngak peduli sama kesehatan pasien nya
107819559671579060262,rumah sakit umum daerah kota mataram pelayanan cukup bagus
105230631656662744546,terbaik pelayanannya cepat tanggap  ramah
116043970858071529480,pelayanan terbaik
103626311437244927214,rsud kota mataram
103626311437244927214,keren inovatif
109788823861307237800,rs kota makin jaya mantap inovasi tiada henti
109788823861307237800,salam smile rs tercinta
112452986782968565236,rsud kota mataram maju terus
112452986782968565236,dengan berbagai inovasi demi peningkatan mutu dan kualitas layanan rs
101296342825986169634,rsud kota mataram slalu terdepan dlm memberikan pelayanan utk seluruh masyarakat
115545533333690401382,rsud kota mataram terbaikk
100528187058566024383,sejauh yang saya ketahui dan saya alami langsung rsud kota mataram selalau dan tetap memberikan pelayanan terbaik
103997988766062068926,berdasarkan pengalaman yang saya alami
103997988766062068926,jenis pelayanan yang di bwrioan rumah sakit sangat lengkap dengan sdm yang luar biasa seluruh jajarn manajemen dan karyawan karyawati sangat ramah dan baik
114215166364246613956,pelayanan ramah dan cepat
114215166364246613956,semoga semakin maju dalam memberikan pelayanan terbaik bagi masyarakat
102231868826116670173,salah satu rumah sakit yang rapi secara penampilan dan pelayanantidak membeda2kan pasien satu dengan yang lainnya
114790059005832955646,semoga rs
114790059005832955646,kota mataram jayaa truus
101071036406426220351,bulan agustus 2022 istri melahirkan dsini playanan dari awal masuk sampai plng memuaskan petugas menjelaskan detil2 administrasi dgn baik dan memberikan saran2 yg baik apalagi penjelasan bagaimana  pasien bpjs kls 1 naik kelas
101071036406426220351,trima kasih
114628757027200030126,rumah sakit yang profesional ramah dan amanah dalam melayani masyarakat
114628757027200030126,rsud kota mataram the best
113786848574506266807,mantab rsud kota mataram terdepan dan terus maju berinovasi untuk peningkatan pelayanan yang terbaik serta bermutu
109209641333042707016,alat yg lengkap dg sdm yg berkualitas
101478714385153216575,pelayanan publik terbaik rsud kota mataram
104304477571313384521,rs terbaik di ntb
111789030318930075343,selalu memberikan pelayanan terbaik
111209994395633410037,mantap
106668110172673991886,rumah sakit ter debest
100777049799331303807,pelayanan sangat bagus
114208701206197333043,tempat pilihan pertama dan utama masyarakat dalam bidang pelayanan kesehatan
103967024412214348336,rumah sakit bagus di kota mataramthe good hospital in mataram city
102878354406603807302,baru masuk bukan berasa rs tp berasa masuk mall bersih top
102878354406603807302,pelayanannya bagus pa lg lokasjx strategis di tengah kota mataram
103989479196072819946,pelayanan sangat baik untuk
103989479196072819946,pelayanan farmasi sangat bagus informasi yg diberikan sangat mudah dimengerti
107950343218445709414,rumah sakit yang luar biasa amazing hospital
110971408348543922786,pelayanan mantap petugas ramah2
108823278756236137654,rumah sakit bernuansa hotel bintang
117298271786707561531,rumah sakit komunitas pilihanrumah sakit pilihan masyarakat
102176354480581558384,rs ter ter ter baik pokoknya dari semua playananya mantull coy
113774934478323167868,rumah sakit terbaik di kota mataram playanan cepat tidak mengecewakan mantap lah pokoknya
106769893621646077184,rumah sakit dengan pelayanan terbaik apa lagi dengan adanya aplikasi pendaptaran online sangat membantu dan memudahkan kami yg tinggalnya jauh dari rumah sakit kota dan mba mba cs yg di informasi sangat ramah dan sopan dalam mengarahkan kami memberikan informasi trima kasi mba
111754997135507104607,pelayanan terjamin
117910848011818806663,pelayanan rsud kota paling oke
112692945439711154116,rumah sakit umum daerah kota mataram selalu mengembangkan inovasi untuk memberikan pelayanan kesehatan yang terbaik untuk masyarakat
112692945439711154116,jaya terus rsud kota mataram
107762823952707095298,semakin terdepan
112513504075013216738,saya sangat puas dengan pelayanan rs kota pada saat sy opname dsana
116764006813005975266,pelayanan prima
116764006813005975266,excellent service
109279755890634192326,pelayanan mantap petugasnya ramah dan cekatan dan banyak program unggulan salah satu contohnya seperti pengantaran obat kerumah itu sangat membantu pasien khusunya lansia
106842299281691492679,pelayanan bagus
109738805015671418628,lokasi sangat strategis dan pelayanan ramah
109738805015671418628,petugas sangat komunikatif
106340552381131266477,selalu ramai di pusat kota mataram
117458405869854776174,saran untuk pasien dan keluarga pasien ketika berobat atau kontrol agar di ingat nama dokter yang menangani dan tanyakan jadwal hari apa aja dokter tersebut ada di poli tujuan
102228927168793452845,tempat bagus dan sangat luas
109187506111936061735,ternyata rs lebih memntimgkan identitas dari pada nyawa
116308654613077330025,pelayanan bagus lengkap profesional
116308654613077330025,ibuku menjalani operasi pinggulnya di sana
116308654613077330025,5 bintang
105754407358281206920,mantap
118300444449374924590,rumah sakit kota bagus bersih pelayanan lumayan tp untuk pelayanan dokter kurang memuaskan gak respek
109255454588359690156,terimakasih diucapkan kepada petugas igd ruang nifas dan ruang ibs rsud kota mataram yang telah memberikan pelayanan yang memuaskan bagi ibu saya sehingga operasi kuret yang dilakukan berjalan dengan aman dan lancar semoga para petugas yang saat ini bertemu dengan ibu saya diberikan keberkahan disetiap piketnya aamiin ya allah
116549425228912536402,gerbang belakang yang ke masjid jangan ditutup dong kan banyak keluarga pasien yg mau shalat fungsi masjid dibuat didalam wilayah rumah sakit apa kalo gerbangnya ditutup dari dalam dan masuknya lewat luar
111709799879263175882,saya butuh banget informasi mengenai dokter urologiadmin instagramnya sombong ditanya melalui dm gak dibales bales
103254227418725547597,satpam tidak ramah
103254227418725547597,pelayanan buruk
103254227418725547597,etika buruk
103254227418725547597,sopan santun buruk
103254227418725547597,kacau galaknya
105275955140227888609,laboratorium igd nya lambat bikin nyesek
116008850713055643294,pelayanannya kurang bgt
103939299043800002247,bagus dari luar bau menyengat di dalam
103939299043800002247,perlu cleaning servis yg banyak sptnya
103717664246242266963,baru pindah ke lombok kaget bgt sama pelayanan di rs nya perawat yg cowo malah ngobrol sm satpam penanganan lama ah pokonya parah bgt
110084187064851734834,oke
112102491434014300390,pelayanan sangat baik maju terus rsud kota
113131806787536351420,anjink pelacaknya pada belagugiliran kerabatnya yg berkunjung berapa pun jumlahnya dan jam berapa pun pasti boleh masuktapi giliran yg bukan kerabatnyaasudahlah
106382578874300358314,fasilitas lengkap pelayanan buruk dan tidak profesional
103406106393286804828,pelayanannya bagus fasilitas pengobatan dan polinya juga sangat lengkap
103406106393286804828,perlu peningkatan di kualitas public servicenya
102551699898208839864,rumah sakit negeri pelayanannya serasa rs swasta
101279982199689444927,keren yach sekarang layanannya kalo dirasa waktu kita tidak banyak bisa menggunakan layanan eksklusif dengan biaya yang terjangkau juga  top dach
113022219965204022995,poli exekutif itu memg tempat nya org kaya tp bukn berrt hrs mengabaikan pasien bpjs yg sudh nunggu dr jam 15
113022219965204022995,00witaudh daftr online sore ke poli gigi tp ktnya g ada di komputer
113022219965204022995,akhir nya daftr manual
113022219965204022995,nunggu dr jam 3 sore smp setgh 6 kemudian ada pasien poli exekutif
113022219965204022995,dokter
113022219965204022995,a malah ke poli exekutif dl
113022219965204022995,pasien bpjs nya di tinggal
113022219965204022995,jam setgh 7 br balikluarrr biasa mmg pelayanan nya
110521885734881855785,pelayanan kurang bagus untuk pengguna bpjs
110815926989496400631,pelayanan baik
110601399810918708698,datang ke sini untuk mendapatkan vaksinasi staf medisnya cukup ramah dan profesional
110601399810918708698,came here to get vaccinated the medical staffs were quite friendly and professional
101937676774445696285,dokter suka lama datang pasien lama menunggu
102113160484807035912,pelayanan sangat buruk hospitalily sangat buruk
111881414491263026825,dokter kulit yg sekarang jutek ngk komunikatif
111881414491263026825,sok jaga jarak padahal udh gk ada covid
111881414491263026825,cek kulit gk sampe 5 detik
111881414491263026825,beda dengan dokter kulit 2thn lalu
111881414491263026825,klo tidak salah dulu namanya dokter widi
112249754175570171296,menjadi rumah sakit utama masyarakat mataram
112249754175570171296,terlihat dari ramainya pasien
117278853824292001616,sangat nyaman
116544107226789230582,pelayanan yang ramah dan di layanin dgn baik
114179515927112541239,pengalaman  pegawai saya dipatok ular berbisa  dan ternyata bpjs nya bermasalah non aktif  tapi dilayani oleh bu sayu dari rsud kota mataram  dibantu hingga bpjs nya aktif orangnya ramah dan very helpfull
110947144485480032405,pelayanan ramah tamah
110947144485480032405,antri lama g berasa krn pelayanan oke
116180325332722034598,pelayanan informasi sangat ramah dan murah senyum
107705609389938750131,pelayanan sangat bagus untuk pendaftaran eksekutif
112284383732360123486,pelayanan untuk pendaftaran cukup bagus
102969615521161536325,1
102969615521161536325,mau tanya sebenarnya boleh ga sih perawat setel musik di igd  kemaren waktu masuk di zona kuning ga bisa istirahat
102969615521161536325,perawat berisik udah ngobrolnya berisik heboh ketawa2 pakai setel musik pula
102969615521161536325,musik yg di setel musik kecimol lagi selama ini masuk igd langsung di bawa ke zona merah jdi pas kemaren ga terlalu parah agak kaget wkwk
102969615521161536325,2
102969615521161536325,paling suka sama pelayanan perawat di stroke center perawatnya ramah ngasih penjelasan bicaranya sopan dan mudah utk dipahami
102969615521161536325,perawatnya rajin tiap pagi bantu bersihkan badan pasien
102969615521161536325,jdi selama dirawat saya sebagai pasien merasa nyaman3
102969615521161536325,untuk pelayanan icu kurang nyaman
102969615521161536325,perawat yg ramah2 cuma ibu2 yg dinas pagi dan kayanya emang yg udah senior
102969615521161536325,ada satu perawat yg bikin kesal
102969615521161536325,dipanggil2 minta tolong ambilin minum pura2 ga dengar malah masuk ke ruangan perawat nutup pintu4
102969615521161536325,cukup puas sama pelayanan di irna 2
102969615521161536325,tapi tolong dong remote ac dicariin klo memang hilang atau diganti yg baru gitu
102969615521161536325,masa dari masuk sampe pulang ac ga nyala
102969615521161536325,kan kasihan pasien sama yg nungguin kepanasan
102969615521161536325,mau istirahat jadi ga nyaman apa lg klo siang5
102969615521161536325,terima kasih untuk dokter putri dokter tunjung dokter faridi dan dokter tumas yang sudah menangani saya selama ini
102969615521161536325,semoga sehat selalu
107887771810688670155,pelayanan yang ramah cepat dan profesional
118076156667722005132,layanan baik
108151956316904950501,pelayanannya sangat bagus
108151956316904950501,setiap kali sakit selalu pilih ke rsud mataram
111743500650516951058,sayang ga ada bintang 0 kl ada bintang 0 buat rsud kota mataram
111743500650516951058,rs sebesar ini pelayanan sangat buruk di igd ga ada selimut yang bener aja
111743500650516951058,bilangnya di radiologi ada tp giliran di bagian radiologi bilangnya di igd ada
111743500650516951058,entah yg salah rs nya atau perawatnya atau keduanya sama buruknya25 jam kami menunggu utk dilayani rontgen awalnya anaknya disuruh tidurkan dl kl dikasi obat tidur ga bisa krn hrs diopname kl dikasi obat tidur stelah anaknya tidur kami dilewati beberapa pasien setelah itu alasannya bagian radiologi masih dikonsulkan ke zona hijau  igd karena posisi harus berdiri
111743500650516951058,lha sebelumnya kan anaknya disuruh tidur giliran udh tidur malah alasannya disuruh berdiri dan hrs dikonsulkan ke dokter igd
111743500650516951058,stelah menunggu beberapa waktu alasannya sama igd tidak merespon
111743500650516951058,tetapi dokter igd bilang tdk ada konfirmasi dr radiologi
111743500650516951058,akhirnya kami pulang tanpa mendapat kebutuhan rontgen yg kami perlukan krn sudah pkl 23
111743500650516951058,30 dgn posisi anak yg rewel dan hrs digendong tidurnya
111743500650516951058,sy heran dgn pelayanan dan hati nurani dokter dan perawat di sini yg terlibat
111743500650516951058,giliran mau kluar malah dimintakan ongkos parkir
111743500650516951058,parah memang rsud kota ini mending tutup saja deh kl pelayanan yg buruk sperti ini
105481578666653461178,mohon maaf satpam yang berjaga hari ini tanggal 5 oktober 2023 di parkiran belakang diperiksakan kelayakannya etikanya dipakai
105481578666653461178,pegawai yg lain nakes ramahramah baikbaik
105481578666653461178,satpam yg lain juga ga searogan ini
105481578666653461178,tolonglah dilihat lagi kelayakan pegawainya
105688701373175814345,tolong dong bagian apotiknya
105688701373175814345,masak nggu 1 obat mual aja smpe sejaman nunggu
105688701373175814345,keburu kita sakit lagi harus nggu bekerumnn dgn org2
105688701373175814345,parah playanan buruk
114424455566411116652,reserfasi rumah sakit
117137125929391224386,mama saya dirawat di rs kota dg cukup baik namun masih banyak yang perlu dibenahi dan menjadi perhatian management
117137125929391224386,1 attitude perawat kepada pasien
117137125929391224386,saya tau rumah sakit tersebut rumah sakit pemerintah tapi bukan berarti pelayanan staff semaunya dong bagaimana sdm kita mau maju kalau dari hal kecil yang menurut sy buruk ditolerir contoh setiap kali perawat masuk ke ruangan ketok pintu memang dilakukan namun saat membuka pintu seperti orang grebek maling senyum ramah pun tidak tergambar diwajah perawat terkesan ketus dan mlsn melayani pasien
117137125929391224386,belum lagi saat keluar ruangan kalau gak banting pintu yaa pintu gak di tutup
117137125929391224386,memang mama sy menggunakan bpjs dan sy rasa tidak smua prwat sprt itu sy yakin hanya bbrpa oknum sprti itu tapi tolonglahh masa sperti itu
117137125929391224386,krna pakai bpjs memang plyanannya sprti itu ya halloo bpjs pun kami bayar bukan gratis dan sy pun kerja di bidang pelayanan sedikit banyak sy mengerti bagaimana cara melayani customer dg baik
117137125929391224386,sy tau bagaimana capek dan lelahnya melayani customer namun krna kerjaan dibidang pelayanan harusnya bukan menjadi alasan bukan tolong bersikap lebih profesional dan sy sangat yakin perawatny org berpendidikan kok
117137125929391224386,tapii percuma juga berpendidikan tapi attitudenya kurang bgt
117137125929391224386,2 identifikasi pasien sangat kurang menurut sy
117137125929391224386,setiap kali mau memberikan obat hanya ditanya nama dan nama mama sy pun salah
117137125929391224386,harusnya identifikasi menambahkan tanggal lahir bagaimana bisa hanya berdasarkan nama sedangkan nama org banyak skli kesamaan
117137125929391224386,dan identifikasi pasien pun tidak slalu dilakukan
117137125929391224386,yaahh pokokny kapan mood prwat nanya ya ditanya kalau gak yg penting masukin aja obatnya
117137125929391224386,jadi kami sbgai keluarga semakin cerewt untuk menanyakan obatn apa sj yg diberikan
117137125929391224386,3 saat rawat inap memang mama sy menggunakan bpjs namun kami aps atas permintaan sendiri untuk naik kelas ke vip
117137125929391224386,tapi pleaseeee dehhh kamar mandinya kuootoorrr
117137125929391224386,belum lagi jet showernya rusak di kmr mandi gak dilengkapi pegangan untuk org tua duhhh kacau deh
117137125929391224386,cleaning service masuk ruangan cm sekali beruntung kalau 2x
117137125929391224386,tapi nyapu seadanya ngepel seadanya
117137125929391224386,kamar mandi pun gak dibersihin yg penting asal sudah
117137125929391224386,kami aps ke vip ingin mendapatkan fasilitas yang lebih baik dan nyaman
117137125929391224386,tapi yaahhh namanya juga rumah sakit pemerintah kata orang banyak
117137125929391224386,4 sy tau sedemikan banyak pengunjung rumah sakit sampai lahan parkir pun kurang
117137125929391224386,tapi tolonglah kalau memang sudah penuh parkirannya at least kasi notifikasi di awal pintu masuk
117137125929391224386,jangan dibiarin aja itu semua masuk pas udh smpe dlm disuru parkir diluar pas complaint lah lebih ngegas petugasnya
117137125929391224386,yahh lagi namanya rumah sakit pemerintahsebenrnya masih ada bbrpa lagi yang perlu dijadikan perhatian oleh management rs
117137125929391224386,ayolahh pasien bpjs bukan gratisan juga kok kami pun bayar untuk bpjs agar aktif dan bisa digunakan
117137125929391224386,jangan menormalkan hal buruk untuk dijadikan kebiasaan mau sampai kapan sdm kita stuck dengan kebiasaan buruk dan akhirnya kalah saing
117137125929391224386,semoga bisa menjadi masukan agar rs kota dpt berkembang dengan lebih baik terima kasih
110977767772068746428,layanannya baik
106017614189714646736,tolong pelayanan lebih ramah dikit terutama admin ugd
100327349567805534706,waktu menunggu obat yg sangat lama hampir 1 jam kami menunggu
100327349567805534706,karyawan tdk memperhatikan terkait kepentingan pribadi atau profesional kerja
100327349567805534706,tolong di benahi lagi terkait hal ini
100327349567805534706,thnks
113489901961790896258,perjalanan melewati rumah sakit kota
113489901961790896258,dari luar tampak ramai
113489901961790896258,dan kebetulan cuaca nya sangar panas
100301544666328941849,bagusgood
109732013136044039152,sedikit sharing aja si  awalnya saya itu udh percaya banget sama rumah sakit ini karna emang setiap sakit wajib kesana untuk berobat
109732013136044039152,sampe suatu hari saya periksa seperti biasa k igd habis di injeksi saya gatal parah karna reaksi obat yang biasanya dokter lain bilang itu alergi
109732013136044039152,tapi pas masuk ke ruang dokter ini dia bilang gapapa itu reaksi obat  namanya baru masuk obat
109732013136044039152,kita liat sampe 15 menit ya15 menit masih ruam aja ga terlalu gatal emang tapi tangan pegel demam sama badan sakit
109732013136044039152,apalagi kepala belakang wkwkw
109732013136044039152,biasanya habis suntik enakan rasanya ini nambah parah
109732013136044039152,1 hari pertama masih ruam merah karna sya percaya yg dokter itu bilang sya biarin aja karna sya pikir juga ini biang keringat
109732013136044039152,btw disini udh demam sy mual muntah dada sesak
109732013136044039152,dan hari kedua udh smpe ke muka ruamnya smua merah merah
109732013136044039152,akhirnya sya periksa ke klinik lain dan katanya saya alergi obat
109732013136044039152,meskipun saya cuma pasien bpjs
109732013136044039152,tapi nyawa sya bisa terancam jga karna keputusan dokter
109732013136044039152,sya menghormati dokternya karna disana ada banner harap bersikap baik sama petugas
109732013136044039152,tapi kalo saya begini jadinya setelah berobat
109732013136044039152,beda lagi
109732013136044039152,lain kali kalo yg namanya alergi jangan di tunda tunda kasi obat
109732013136044039152,karna kalo org selamat
109732013136044039152,mati habis di suntik kan bahaya untuk reputasi rsnya  smoga jadi pelajaran buat yg lain yah
109732013136044039152,kalo alergi jangan anggap sepele
109732013136044039152,apalagi alergi obat
109732013136044039152,salah satu dokter disana jga bilang gt
109732013136044039152,cuma lagi apes aja ktemu dokter lain heheini foto pas sya udh dikasi obat anti alergi
109732013136044039152,udh agak mendingan dan saya sama sekali engga pernah bentol bentol kek gini
109732013136044039152,jadi sya panik banget apalagi di muka
114278989719453104568,pelayanan nya sangat ramah
103347934280707014622,pelayanan yg amat sangat lama
103206989645744847591,pd hari ini 05 nov 2023 jam 1011 malam
103206989645744847591,sy bawa anak sy ke ugd rs kota untuk di usg atau rontgen perut
103206989645744847591,anak sy baru terlindas sepeda motor di depan perumahan sy mau memastikan luka dalam atau kondisi tubuh bagian dalam anak sy baik2 saja
103206989645744847591,ini urgent case tpi kenyataannya  sudah lama antri dan ternyata mesin usg errorrusak
103206989645744847591,dan tidak ada backup mesin sama sekali
103206989645744847591,finally hanya di lakukan test lab urin saja
103206989645744847591,tolong halhal seperti ini di perhatikan
103206989645744847591,terimakasih
104357367314819240191,rumah sakit langganan keluarga dengan pelayanan yang baik
114352949578922254100,rumah sakit umum di mataramgeneral hospital in mataram
100297856870551219183,buruk bangetharusnya pasien itu nomer 1masak harus nunggu kepentingan dokternyajelek banget
107148782884209052334,kita pasien sedang sedih krna ibu yg sedang sakit dan kalau ada salah antar surat tolong dong dikasitau dengan baik dan sopan ini petugas kebersihannya berkata sambil nyolot dan marah2 saat kami salah tempat serahkan hasil lab
107148782884209052334,darah
107148782884209052334,tolong dong diajarin gimana cara berbahasa yang baik tu oknum petugas kebersihan
111023910963116228719,pelayanan cepat ramah dan profesional  tidak bedakan pasien umum maupun bpjs  semoga semakin baik utk masyarakat khususnya warga ntb
100774440955065619401,bintang 4 dulu yaakarna salah 1 petugas di bagian administrasi di poli eksekutif tidak ramah dan mbaknya jutek maaf tidak tahu nama nya
106785158324364048259,proses untuk rontgen berteletele tidak jelas kurang informatif dan buangbuang waktu
106785158324364048259,petugas perempuan yg urus administrasi gak ada ramahnya
106785158324364048259,tolong dibina atau dibinasakan aja sekalian
106785158324364048259,buat makan ati
106785158324364048259,nauzubillah
107351539776542693362,respon cepat sudah terstruktur layanan pasien mungkin perlu edukasi bagi pasien baru saja
117345352290560131148,pelayanan di igd sangat lelet
115352416883422101489,review rumah sakit kota mataram sistem rumah sakit disini sungguh bobrok dan kacau
115352416883422101489,pasien rujukan sangat minim sosialiasi terkait sistem daftar  registrasi disini
115352416883422101489,beda jam beda cara pendaftaran
115352416883422101489,harusnya jam pelayanan itu lebih panjang karena rumah sakit termasuk fasilitas umum milik publik sehinggaprioritas nya adalah pasien
115352416883422101489,saya dirujuk di rumah sakit ini untuk keperluan fisioterapi
115352416883422101489,tetapi aneh nya harus mendaftar online dimana tidak semua pasien tau
115352416883422101489,kenapatidak menggunakan sistem antrean berbasis nomor
115352416883422101489,sehingga pasien bisa menjalani perawatan rawat jalan secara intensif tanpa harus kehabisan slot pendaftaran online nya
115352416883422101489,sungguh mengecewakan sekelas rumah sakit kota sistem nya masih terbelakang
104090644695832838641,adik saya datang ke igd karena sakit perut tak tertahankan tengah malam dia datang dari luar kota yang pertama ditanyakan sama dokternya bukan sakit apa tapi kapan pulang ke daerah asal
104090644695832838641,kalau memang tidak bisa secara prosedur bpjs kenapa tidak dijelaskan baikbaik
106247194940208616299,bintang satu buat satpam nya ga sopan satpam yg bertugas hari sabtu 23 desember saya mendapat perlakuan yang tidak menyenangkan
105052382466123867346,rumah sakit milik pemerintah kota mataram ntb
102927523626392127442,rumah sakit terbaik no
102927523626392127442,1 se ntb nih senggol dong masya allah suka banget dan nyaman untuk berobat di rsudkotamataram karena emang dibuat senyaman mungkin kalok berobat ke sanamulai dari lingkungan rsudkotamataram yang sangat rapi dan tertera dari segi kebersihan yang sangat amat diperhatikan agar tetap bersih dan indahitu yang membuat saya betah berobat di siniuntuk para staf dokter perawat yang bekerja di sana juga semua sangat ramah dan baik hati melayani kami para pasien dengan hati yang tulus serta ikhlassemoga rsudkotamataram selelu diberikan kelancaran menjadi rumah sakit yang terkenal dimasyarakat luas amin sukses selelu rsud kota mataram
116412454346594102965,rs pemerintah tapi berasa seperti rs internasional dari segi tampilan asri
116412454346594102965,mewahpelayanan petugas2 maupun dokter ramah
116412454346594102965,nyaman bersahabat walaupun kita menggunakan bpjs sm skli tdk ada perbedaankliatan pake hatisaya sama beberapa staff petugasx malahan menjalan komuniksi yg baik sampai skrg mlh kyk sahabat jdxkalau ada apa2 konsul mslh kesehatan sekedar tnya2 suka ngechat gtu krena senyaman dan seramah itu org2x gak ketus2 gt jdx kita nyaman skli dibuat dahpertahankan
112562794904742531193,terima kasih banyak rsud kota mataram atas pelayanannya
112562794904742531193,utk all staff dari dokter suster tenaga kebersihan staff fnb admission farmasi igd dan lainnya layanannnya terbaik
112562794904742531193,dari masuk ugd sampe dapat kamar utk rawat inap semuanya lancar
112562794904742531193,yang juara dari ob suster dan dokter2nya ramah nyaaaa luar biasa
112562794904742531193,rs pilihan pertama ketika sakit siihhhhhhh sehat selalu untuk kita semuaaa aamiiinn ya allah
102289592817084603513,halllo rumah sakit umum daerah kota matarayang mana rumah sakit pemerintah tapi pelayanan superr ramah
102289592817084603513,walau kami cuma pasien umum bpjs tapi pelayanan nya sangat ramah sekali
102289592817084603513,yang dimana staffnya tidak pilih kasih atas pelayanan nya
102289592817084603513,untuk pengguna bpjs jangan hawatir atas pelayanan yang diberikan rs  kota mataram karena disini pelayanannya super cepat ramah pula
102289592817084603513,kalau kalian mau daftar atau ga tau apa tenang saja ada scurity yang bisa bantu kalian dia akan nanya apa yang kita ga tau terus nanti dibantu sampai selese
102289592817084603513,disini semua serrba cepat dari mulai penanganan pasien yang rawat inap
102289592817084603513,kalau impus habis pas dipanggil staff nya langsung lari ke kamar pelayanan nya serba cepat
102289592817084603513,ruangan nya yang selalu dibersihin setiep jam 7 pagi seprainya diganti baru
102289592817084603513,jadi ga ada istilah pasien rawat inap ga nyaman intinya mereka melayani dengan ikhlas sepenuh hati
109855739557925327421,rsud kota mataram merupakan pilihan utama pelayanan kesehatan kami sekeluarga
109855739557925327421,alasan kami memilih rsud kota mataram menjadi pilihan utama kami karena 1
109855739557925327421,semua karyawannya kompeten sangat ramah sopan murah senyum 2
109855739557925327421,semua tempat rsud kota mataram rapi dan bersih 3
109855739557925327421,sistem pelayanan yang tidak ribet sehingga mudah dimengerti 4
109855739557925327421,pelayanan yang cepat dan juga sigap
109855739557925327421,saya berharap semoga rsud kota mataram tetap mempertahankan citra terbaiknya dan juga menjadi pilihan utama bagi masyarakat ntb pada umumnya
109369065433814745036,tahun lalu nenek sy dirawat disini 2 mingguan karena kangker lambung pake bpjs
109369065433814745036,pelayannnya bagus tidak membedabedakan pasien yg bpjs
109369065433814745036,gercep menindak pasien nyaman lahh
109369065433814745036,mulai dari staff ners dan yang bertugas ramah semua santun
109369065433814745036,bintang 5 untuk rsud kota mataram
109369065433814745036,tetap pertahankan kualitas pelayanan kalau perlu tingkatkan agar semakin memuaskan
109369065433814745036,salam sehat
108145350544165772898,bintang 4 paripurna
108145350544165772898,moga makin keren dan keren terus
109869836753134622411,pelayanannya prima bagus ramah
109869836753134622411,dokternya enak diajak berdiskusi
109869836753134622411,kamar rawat inap nyaman dan bersih
109869836753134622411,perawatnya juga kooperatif dan sangat membantu
109869836753134622411,fasilitas cukup lengkap
109869836753134622411,pelayanan bagus  profesional
109869836753134622411,untuk pasien masuk mudah dan tidak dipersulit
109869836753134622411,bisa pakai bpjs
109869836753134622411,ada foodcourt  banyak pilihannya
109869836753134622411,tempatnya bersih
107934654021734062754,pelayanan cepat dokter perawat dan pelayan lainnya sangat ramah
107934654021734062754,makanan sehat dan higienis
107934654021734062754,kamar bersih
107934654021734062754,salam sehatterima kasih rsud kota mataramfast service doctors nurses and other waiters are very friendly
107934654021734062754,healthy and hygienic food
107934654021734062754,clean room
107934654021734062754,healthy greetingsthank you rsud kota mataram
113040753031216115829,selama sy menemani bapak saya kontrol di rs kota mataram semuanya sangat baik dari pelayannya dokter perawat semuanya baik walaupun menggunakan bpjs mereka tetap melayani dengan baik sepenuh hati mereka tidak pernah membedakan pasien umum maupun bpjs semua disetarakan
113040753031216115829,semoga ke depan rs kota mataram selalu mengedepankan kesehatan pasean dan sukses dn jaya selalu
114664267077534596406,pelayanannya baik cepat walaupun pakai bpjs keren sihsemoga makin jaya rsud
114930218952071510528,dokternya ramah
115688458681319367523,lebih baik kesini daripada ke rumah sakit tripat gerung
103731299494975203575,salah satu rumah sakit yang bisa di andalkan di kota mataram alat2 kebutuhan pasien di kamar kondisinya baik  furniturenya jg kekinianadministrasi lancar sampai dengan pembayaran ke kasir tidak di persulit staff staff nya dokter dan perawat nya juga ramah ramah suasananya juga benarbenar nyaman karena harum dan bersih
103731299494975203575,intinya dokter ok ramah mau diajak konsultasi
103731299494975203575,staff juru rawat juga helpfull dan cekatan
103731299494975203575,jadi kesan saya  pelayanan juaraaaaaa sukses selalu
103912605587166176380,saya mengalami pengalaman yang sangat memuaskan selama kunjungan saya ke rumah sakit ini
103912605587166176380,pelayanan yang diberikan oleh tim medis dan staf administratif sangat ramah dan profesional
103912605587166176380,mereka memberikan penjelasan yang jelas terkait prosedur yang akan dilakukan dan menjawab semua pertanyaan saya dengan sabar
103912605587166176380,fasilitas rs juga terlihat bersih dan terorganisir dengan baik
103912605587166176380,ruang tunggu nyaman dan dilengkapi dengan fasilitas seperti wifi gratis dan area bermain untuk anakanak
103912605587166176380,selain itu penerapan protokol keamanan dan kebersihan sangat ketat memberikan rasa aman bagi pasien dan pengunjung
103912605587166176380,dokter yang menangani saya sangat berpengetahuan dan mengedepankan aspek kehumasan dalam komunikasinya
103912605587166176380,mereka memberikan perhatian khusus terhadap kebutuhan pasien dan memberikan solusi yang terbaik untuk kondisi medis saya
103912605587166176380,saya benarbenar merasa didukung dan diurus dengan baik selama perawatan saya di rs ini
103912605587166176380,saya ingin menyampaikan terima kasih kepada seluruh tim medis dan staf yang bekerja dengan penuh dedikasi
103912605587166176380,pengalaman saya di rs ini sangat positif dan saya akan merekomendasikannya kepada teman dan keluarga
110822825861572941249,pengalaman yang tak terlupakan dirawat dan menjalani proses perawatan di rumah sakit ini dokter yang ramah dengan semua perawat yang ramah
110822825861572941249,kamar yang luas
110822825861572941249,ngga nyangka semua perintilan sekecil apapun dah di siapkan  amenities yang lengkap  ruangan yang wangi serta kebersihan yang di jaga sangat membuat nyaman
110822825861572941249,kawasan yang asri juga ada taman yang bisa di kunjungi
110822825861572941249,semoga rumah sakit ini terus berkembang dan lebih maju dari waktu ke waktu god bless
114510333707196629026,assalamualaikum  rsud kota mataram adalah rumah sakit yang bersih bagus tertata dan nyaman keluarga saya kalau mau berobat pasti ke rsud kota mataram saya ingat sekali waktu almarhum bapak saya di rawat di sana pelayanannya sangat baik dan ramah ruang isolasi nya tenang jadi bapak saya bisa istirahat dengan nyaman selain itu bapak sering sekali di kontrol oleh dokter dan perawat yang sangat ramah alat periksa medisnya  lengkap dan saya sangat terbantu  dengan adanya  bpjs  pokoknya pelayanan rsud kota mataram paling oke saya sangat merekomendasikan untuk temanteman yang keluarganya sedang sakit baik menggunakan bpjsumum
114510333707196629026,trimakasih
101857508160538302504,pelayanan rsud kota mataram memang tidak di ragukan lagi pengalaman saya dan keluarga ketika berobat di rsud kota mataram sangat puas
101857508160538302504,kami di pantau sampai sembuh dan tidak pernah kambuh lagi
101857508160538302504,alat alat yang ada di sana sangat lengkap
101857508160538302504,ruangan nya bersih tertata dengan baik
101857508160538302504,terakhir kesana beberapa bulan lalu waktu keponakan saya yang baru berusia 9 tahun oprasi unsus buntu alhamdulillah operasi nya berhasil dan sekarang sudah sembuh seperti sedia kala
101857508160538302504,terimakasih banyak rsud kota mataram sudah banyak sekali membantu orang semoga semua team medis sehat selalusukses dan semakin maju   aamiin
106046143361324551172,salah satu rs terbaik di ntb
106046143361324551172,pernah periksa spog dan dpt rekomendasi ke dr eka yg ternyata direktur rs tsb alhamdulillah gk trlalu lama dpt no antrian kemudian perawat dan bidannya ramah utk konfirmasi harinya setelah dpt jadwal dan sy dihari itu antrian ke 3 sangat memuaskan saat di dalam berkonsultasi dgn beliau hampir 1 jam jrg dokter yg ingin berlama lama bahkan beliau trus meminta utk bertanya pelayanan totalitas dijelaskan dr hal kecil detail sampai ke hal luas
106046143361324551172,dan apa yg dikatakan beliau pun akurat ditengah kesibukannya beliau sgt totalitas ke pasiennya tanpa pandang bulu kita bisa lihat dr direktur atau kepala rs nya saja sgt baik terlebih pd dokter lain dan tenaga kesehatan lainnya di rsud kota mataram pst totalitas baik dr pelayanan maupun tindakan
106046143361324551172,sukses selalu rs kesayangan
106303465602660946917,rumah sakit terakreditasi paripurna sudah tidak diragukan lagi dg indeks kepuasan masyarakat 959 menjadi tolak ukur pelayanan yang pastinya memuaskan
106303465602660946917,sangat salut dengan pelayanannya
106303465602660946917,dini hari tadi membawa teman ke igd dg keluhan nyeri saat bak begitu sampai igd langsung ditangani maksimal security perawat dan dokter lgsung sigap melayani sepenuh hati padahal jam sudh menunjukkan pukul 03
106303465602660946917,00 wita
106303465602660946917,semoga pelayanannya tetap maksimal bahkan dapatditingkatkan lagi
106303465602660946917,jaya terus rsud kota mataram  melayani dengan smile
109186804647845325632,pelayanan apotik buruk
104104269190389176497,pokoknya gak khawatir berkunjung ke rsud kota mataram karna tempatnya strategis bersih nyaman luas dan tentunya alat periksanya lengkap dokter perawat serta team nya ramah obatobatannya lengkap dan paten etss tenang di rsud kota mataram  menerima bpjs jadi kalian bisa berobat dengan lancar sukses selalu rsud kota mataram semoga kedepannya semakin bersinar dan tetap jadi rumah sakit kebanggaan masyarakat ntb
115518898029155042807,pelayanan di farmasi sangat cepati love u  rsad
108850988026426824935,kamar perawatannya panas wastafel di kamarnya tersumbat dan bau banget  kasurnya bau tai sudah diganti sprei tetap bau
116936253872518341625,sangat baik pelayanan cepat dan tanggap
116936253872518341625,perawat dan dokter ramah
100914005359348930494,ga ada perawat jaga satupun kalo keadaan darurat kek mana gini ini
106192653845520831669,pas sy mengantar keluarga berobat kaget kata satpam parkiran penuh dan pengendara motor diberhentikan semua didepan
106192653845520831669,lebih kaget lg kasian lihat pasien lansia disuruh turun didepan padahal kaki pincang dan harus menunggu panas2san ketika anaknya mencari parkir diluar rs
106192653845520831669,harusnya satpam mengijinkan motor masuk kedalam dan membiarkan keluarga pasien mengatar sampe lobby bkn diturunkan didepan jln raya
106192653845520831669,rs sebesar itu bisa2 kekurangan parkir pdhal sudah jls pasiennya banyak
116011707012788793609,pendaftaran online berfungsi dengan baik
116011707012788793609,tapi jadwal yg kami dapat seringkali tidak sesuai dengan waktu saat pasien dipanggil ke poli
116011707012788793609,misal di app online dapet jam 09
116011707012788793609,30 kita sudah ada di tempat nyatanya sampe jam 12
116011707012788793609,30 masih belum dipanggil2 juga di poli
113012003606037287603,aplikasi e reservasi tidak bisa digunakan
115590010079272417269,pelayanan ramah disetiap poli
112526036125394619568,mantap
110210512830421123476,pelayanan tidak ramah kalo bisa di pecat saja dan di ganti dengan yg lebih profesionalkarena ini menyangkut nyawa orang
118264643261545704622,dokter umum igd ketus bgt apa karna bpjs kali ya tp kan kita bayar juga bpjs sebulan skli wkwkndk nanyak pasien alergi apa asal suntik taunya alergi lsung keluar haha
108222375640390728289,masih banyak yang perlu dibenahi dari segi sistem layanan
108222375640390728289,dan yang terutama parkir
108222375640390728289,untuk rumah sakit sebesar itu lahan parkir sangat tidak memadai
108222375640390728289,tidak mungkin jika saya membawa orang lanjut usia atau anak spesial harus melepas penumpang dulu kemudian saya sbg driver harus muter2 cari parkir
102659191292625684316,pelayanan jelek diruang eksekutif petugasnya berasa kayak dipasar ngobrol suaranya ribut yang ngakaklah yang sibuk hapean sibuk pada makan gak sigap diruang daftar untuk mcu juga gitu sibuk hapean ngelayan ogahan gak sesuai dengan slogan smile nya pret padahal bayar pribadi loh bukan bpjs beda jauh dengan pelayanan rs swasta
118412015159465596505,dokter spesialis jiwanya tapi sangat tidak ramah ketus
118412015159465596505,konsultasi kedua kalinya ditengah tengah konsultasi ditanya kartu bpjs  sedangkan saya menggunakan layanan umum
118412015159465596505,emang kenapa kalo bpjs  apakah harus diperlakukan berbeda
105795990513365924330,terbaik
108135135332414632566,pelyanan di ugd perawat jutek
108135135332414632566,gk lagi lagi kesini krna terpaksa paling dkt dri rmhapalagi dger prwat jawab ke pasien yg lain ketus bgt dih
114407902045440079474,pelayanan di instalasi laboratorium kurang maksimal
115247733684850186544,pelayanan cepat dan ramah
107775102517685221281,pelayanan terbaik
109443200960466366666,perawat yg jaga di icu  picu ramahramah
115177067718709757677,satpam nya sangat tidak ramah sekali
102327028616082795727,ini sistem layananya yang di bagian opotiknya tmpat pengambilan obatpadahal sya sudah kasih resepnya jam 12terus sya tinggal sbntarsambilan nunggu anak sya di uapselesai di uapnunggu di tmpat penggantian obat sampai 2 jam nunggu setelah sya tnyadi tnya kembali atas nama siapamalah di cari lagi resep obatnyagak ketemu ya sya tinggal pulang ajapadahal dlun sya nunggu dri pada orang yg baru ngasih resep malah dluan
104651664238559211991,cukup bagus baik dokters juga para perawatnya ramahramah semua
105887385634130665985,sekelas rsud kota mataram wc nya bau dan mampet terus wc nya udah gk layak pake ini wc dekat registrasi yaaa
105887385634130665985,parah bgt
102735240044609414435,pelayanan buruk dari perawatnya saya disuruh bersihkan luka di ruang 1 oleh dokternya setelah di ruang 1 perawatnya tidak mau dengan alasan yang tidak jelas padahal saya bayar 65rb untuk pelayananya
103592441345875608976,pelayanan buruk orang sesak kok dioper kesana kmaripara petugas acuh tak acuh
102418824012994409488,kasir sama apoteker hari kamis 29 april24 piket malam jam 22
102418824012994409488,59 gg tau siapa nama
102418824012994409488,a assli kasir bego kurang tata krama sma pasien dan klurga pasien
102418824012994409488,sy sudah menunggu 1 setengah jam lebih dan sy pasien umum tdk bpjs d layanin sangat buruk dan mengecewakan
102418824012994409488,mohon d pecaaaaaaat
108006529991697185066,maaf ulasan jujur dokter2nya ramah kalo perawat ada yg ramah dan ada yg kurang ramah
108006529991697185066,makanan utk yg rawat inap perlu disesuaikan dgn kondisi sakit pasien
108006529991697185066,sepertinya perlu tambahan dokter dan perawat yg pengalaman krn ga sesuai dgn jumlah pasien yg banyak kasian pasien menungguantri terlalu lama
108348433824027906707,masih banyak yg harus di benahi
110051948540488766330,satpam nya pelayanannya kurang padhal lantai dua tidak ada yang jaga masih tetap tidak di bolehin
114109619847773723000,hati lagi hancur karena orgtua lagi sakit parah malah ketemu sama karyawan arogan diloby udah dijelasin malah tambah arogan ngajak debat
114109619847773723000,tolong kalau mw ngomong baik sakit hati skali rasanya
114109619847773723000,udah perasaan lagi sakit  liat orgtua sakit malah nambah beban sakit hati
109521143549451483820,pokoknya ter the best dah pelayanannya dari igd sampai rawat inapterkusus gili nanggu
105087868552221116688,alhamdulillah pelayanannya bagus ramah dan kerja dengan maksimal
105087868552221116688,pokoknya mantap dah pelayannyan dokternya ramah dan selalu bikin pasiennya tenang
104165428139990582980,1
104165428139990582980,tidak ramah penunggu jam 10 pintu sudah ditutup
104165428139990582980,penunggu pasien yang mau keluar harus lewat ugd padahal di pintu ugd ditulis bukan jalan umum
104165428139990582980,dan memang seharusnya gak bisa sembarang orang lewat ugd misal ada pasien luka terbuka kemudian infeksi karena area yang tidak steril bagaimana 2
104165428139990582980,security tidak ramah anak saya dirawat di nicu dan lebih dekat lewat pintu belakang saya bawa persediaan 1 dus air mineral menggunakan motor minta ijin untuk menurunkan dus dan parkir motor kembali ke tempat parkir tapi dengan memaksa security melarang
104165428139990582980,security sudah menyulitkan keluarga yang kesusahan anak pertamanya perawatan insentif
104165428139990582980,perawat kurang responsive
104165428139990582980,manajemen perlu berbenah krn bisnis rumah sakit ttg pelayanan excelent
107477364685951685587,untuk bagian apoteker nya yg bertugas di jam 21 00 hari sabtu 13 juli yg bagian dpn mohon untuk melayani pasien atau keluarga pasien bisa sedikit agak ramah kalau ngomong sama temennya jgn pake bahasa daerah anda pikr saya tdk paham
107477364685951685587,saya tahu anda anda capek dengan pekerjaan setidaknya beri penjelasan ke pada keluarga pasien kenapa bisa sangat lama untuk memberikan obat
107477364685951685587,jangan saling oper operan pertanyaan
112460030330228988394,satpam di pintu depan sangat tidak ramah
115614120035299333185,kenapa bintang 1 tentu saja pelayanannya
106024699818034465479,ke sini karena bapak masuk igd di igd ke ruang isolasi mau 3 malam apakah benar kata perawat yang kerja di rs provinsi bahwa ra kota sangat lambat
114699139521220839885,perawat petugas resepsionis jutek apalagi di bagian resepsionis rawat inap padahal udah nanya baik malah di jawab ketus padahal pasien yg nanya
106388529014257051522,untuk pelayanan dan yang lainnya semua bagus untuk kaum bpjs saya hanya tidak percaya dengan apa yang saya lihat di ruang irna 3a
117349216533266434294,pintu ke mushalla ditutup mau sholat magrib aja harus putar arah lewat luar rumah sakit srangkan mau lewat lobby vip gak dibolehin
117349216533266434294,satpamnya gak ramah sekali
103133119030491502709,sarana yang tidak layak seperti kursi roda yang rusak sebaiknya di ganti
103133119030491502709,pelayanan terlalu lama menunggu bagi pengguna bpjs
118279253316984984737,nunggu obat di depo farmasi lamaaaaaaaaaaaa banget
115840950520255303742,rumah sakit apaan yang vip aja masih di tegor security
115840950520255303742,apaan ini katanya rumah sakit terbaik ayolah fasilitas ruang vip masih rusak
115840950520255303742,hanya dokter yg ramah
115840950520255303742,staf yg lain agak jutek termasuk satpam
113649531307854029334,banyak keluhan terkait pelayanan tapi semakin ke depan pelayanannya bukan diperbaiki lebih baik malah pelayanan semakin buruk
112177331850159664652,pelayanan apotik rawat jalan sangat lama
112177331850159664652,saya paham lagi banyak pasientapi ya masa tunggu 4 jam untuk obat
112177331850159664652,itupun karena saya tanya lagi dan mereka membawa kartu bpjs saya
100050498439450386492,rumah sakit lenkap alkes dan pasien banyaak
116744899228720567273,tidak ramah pelayanan lama dluan mati pasien di anggurin mana perawatnya haha hihi di depan pasien etikanya gk ada ya allah
108906796317663337539,tempat strategis dan mudah di jangkau
110784127250313062157,ya serikit membantu
107349515163457639793,terima kasih perawat gili nanggu pelayan nya ramah2 sekali dan perawatan nya bagus
107349515163457639793,sekali lagi terima kasih buat perawat2 nya
106034291530071396836,rumah sakit kocak lebih mentingin uabg dulu ketimbang pasien yg lagi kesakitan intinya kalo mau ke rumah sakit ini uang duluan baru di layani gada uang di biarin
101422350467380955139,ibu mertuaku dirawat sini pelayanan di sini cukup bagus dan cepat tangani
101422350467380955139,disini ada ct scan ada mri menurut saya ini lengkap dan bagus
101687953925546544154,karna dekat
110214615746654939971,pelayanan obat sangat lambat
110214615746654939971,petugas penyerahan obat kenapa hanya satu pada saat sore masak 25 jam lebih hanya antri obat
110214615746654939971,tolong kalo kekurangan tenaga ditambah
110214615746654939971,percuma punya loket sampe 4 tidak dimanfaatkan yang terpakai hanya 1 loket untuk penyerahan obat
110214615746654939971,sangat sangat kecewa dengan pelayanan di obat
100987721452894670374,keterlaluan regulator oxigen tidak diisi aquabides mulut pasien sampai kering dan terkelupas karena tidak boleh masuk minum dari mulut
100987721452894670374,bukannya sembuh malah nambah penyakit
100987721452894670374,mending tutup saja ini rumah sakit cuma mau nyari cuan
118248825759705771901,pelayanan poli urologi sangat lamanunggu dari jam 8 pagi sampai jam 10
118248825759705771901,40 pagi  dokter spesialisnya blm dtg2sehrusnya dokternya mengatur waktu jdwal operasi dgn jadwal poli agar tdk bentrokshngga pasien tdk menunggu lamaantri obat juga lamahnya utk antri obat nunggu 3 jam
118248825759705771901,sangat2 mengecewakan pelayanan buruk  tolong di perbaiki pelayanannya
114763842041032746132,dokternya suka telat dtg udah brp kali kesana kontrol
114763842041032746132,dokter nya suka telat dtg its okey kalo telat 10menit ini sampek 2jam
114763842041032746132,setiap ditanya petugas nya blg lgi bntr dtg
114763842041032746132,mohon dokternya di pertegas lgi buat dtg ontime kita jga punya keperluan lain ga cuman nunggu dokter terimakasii
101388639437441881731,hari ini tanggal 17 desember saya salah satu pasien yg istri saya  melahirkan di rs kota beberapa hal yg mengecewakan yg saya temukan
101388639437441881731,1 istri saya yg di minta oprasi oleh petugas nicu minta tanda tangan segera di sore hari biar anak saya segera lahir saya tanda tangan di sore hari tp sampai jam 8 malam istri sy kesakitan dokternya tidak dtng2 smpai akhirnya istrinya melahirkan sendiri di bantu oleh bidan biasa kecewa rasanya dari sore sempai jam 8 malam istri sy kesakitan menunggu dokter dtng
101388639437441881731,2 petugas di nicu sering sepi ketika istri sy mau mengunjungi anak saya dan tidak ada info selama 3 hari sy menunggu anak saya tidak ada informasi yg di berikan smpai kita yg mau minta info petugasnya tdk pernh standby
101388639437441881731,3 petugasnya seperti malas tidak gesit dan tidak details menjelaskan pasien kebutuhan tolong kepada petugas rs kota nicu jadi lebih gesit lagi mohon infokan setiap waktu kondisi bayi yg di rawat karna kami orang tua butuh kejelasan jangan malas petugas di nicu seperti ksana tidur trus pulang anak2 yg sekolah yg di suruh rawat bayi
101388639437441881731,sungguh mengecewakan semogaa bisa lebih baik lagi nicu rs kota persalinan
112280921294796954962,ruang nicu persalinan sangat mengecewakan lambat malas petugas di nicu persalinan ndk pernah ada dia tidur saja do ruanganya kita minta info tentang bayi di suruh keluar nunggu dari pagi smapai siang ndk ada penggilankecewa malas ndk gesit rs kota nicu persalinan malas
112280921294796954962,tolong di perbaiki layanannya
115482175594544512402,bank darah cuma buka sebentar dari pagi sampai jam 2 siang sementara kondisi pasien genting membutuhkan darah
115482175594544512402,masalahnya pendonor ndk bisa selalu sedia datang di waktu pagi sampai siang
115482175594544512402,menyusahkan keluarga pasien
111818094540063408833,adminnya jutek2 banget nanya baik2 jawabnya judesjudes
109427271412592215646,pelayanannya kurang baik
109427271412592215646,petugasnya kurang ramah
109427271412592215646,trus posisi toiletnya cukup jauh jadi kalau mau ke toilet harus mutar keliling rumah sakit
109427271412592215646,petugas cleaning servis nya tidak ramah
109427271412592215646,tolong perbaiki pelayanan nya
113951398805396315677,poli anak dokter dtg jam 9 lebih
113951398805396315677,jam kerja dokter jam brp sih  bukankh jam krj itu jam 8 pagi
114305322861647114441,pelayanan poli khusus sangat buruk
114253291625065129687,antar istri berobat pelayanan mulai dari satpam sampai perawat ramah dan profesional
114253291625065129687,untuk parkir roda 4 kurang luas
104507441059908994525,senin 20 januari 2025 kemarin saya datang berobat kers sebelumnya saya sudah daftar online terlebih dahulu dikarenakan ini pertama kalinya saya berobat kers sidik jari saya belum terekam dan saya diarahkan untuk menuju loket 5 setelah dsna saya tanyakan pada petugas wanita antri ya pakai apa ya mbak dan mbaknya menjawab taruh saja kartu bpjs ya disini tunggu punya tugggu kok lama sekali tidak dipanggil2 dan orang terakhir yang menaruh kartu malah dipanggil terlebih dahulu lalu saya maju untuk menanyakan atas nama saya sudah atau belum ya mbak karena terhitung lama sekali saya menunggu dan petugasnya kebingungan dikarenakan kartu bpjs saya hilang karena itu saya tidak dipanggil2 kedepan
104507441059908994525,tolong lebih hati2 dan teliti lagi ya mbak dan mas2 nya tidak ada perkataan maaf dan bersalah serta solusi yang diberikan oleh petugas kartu bpjs saya hilang begitu saja atas kesalahan pegawai anda
104507441059908994525,sungguh buruk
101796006888494125139,tanggal 10 jam 2 siang anak sy umur 9 bulan saya bawa ke ugd karna bab dan muntah terus menerus
101796006888494125139,dokter periksa pada saat kedatangan menyarankan untuk anak sy di infus agar tidak dehidrasi
101796006888494125139,anak sy di baringkan di zona hijau dan akan di observasi selama 3 jam katanya
101796006888494125139,setelah 3 jam sy mencari dokter di ruang periksa tapi sudah ganti shift
101796006888494125139,saya mencari perawat dan mengatakan bahwa anak sy sudah selesai observasi
101796006888494125139,perawat yang datang mengatakan sudah boleh pulang tanpa cek kondisi anak sy
101796006888494125139,sy jelaskan kembali bahwa selama proses observasi anak sy masih tetap bab dan muntah perawatnya menyuruh sy cari dokter periksa ngomong sambil main hp
101796006888494125139,sy kembali keliling cari dokter yg sudah berganti shift dan di sarankan rawat inap
101796006888494125139,sy setuju dan kata dokter tersebut ibuk tunggu ya
101796006888494125139,nanti petugas rawat inap akan kesini katanya
101796006888494125139,sampai jam 9 malam anak sy masih di
101796006888494125139,zona hijau dengan infus yg sudah di matikan krn habis dan belum ada kejelasan
101796006888494125139,setiap sy tanya dokter atau perwat yg seliweran katanya tunggu
101796006888494125139,sy cek status anak saya di bagian admisi rawat inap ternyata belum di daftarkan
101796006888494125139,sy komplain ke petugas jaga yang baru ganti shift lagi baru setelah itu anak sy di pindah ke zona kuning dan suami sy urus pendaftaran rawat inapdi zona kuning anak sy masih tetap bab dan muntah terus menerus sy tanya perwat jaga katanya gk apa apa sdh aman krn ada infus dan d berikan obat
101796006888494125139,sy tanya lagi kapan pindah kamar katanya irna 2 full
101796006888494125139,suami sy cari informasi dan mendapatkan informasi bahwa irna 2 ada kosong
101796006888494125139,info tersebut d teruskan ke perwat jaga dan perwat jaga booking kamar utk anak sy
101796006888494125139,hanya karna chat konsultasi ke dokter belum di balas krn sudah larut anak sy batal di pindahkan ke ruang rawat inap
101796006888494125139,semalaman anak sy tidak bisa tidur karna bab dan muntah tp tidak satupun ada perwat jaga yg visit menanyakan kondisi pasien
101796006888494125139,pagi harinya ada perawat jaga datang memberikan obat dan menyuruh sy minumkan ke anak sy
101796006888494125139,sy sudah jelaskan bhwa anak sy tidak bs minum air barang 1 sendokpun dan langsung muntah tapi dia tidak perduli dan langsung pergi
101796006888494125139,sampai siang pukul 11 anak sy belum juga di tindak lanjuti
101796006888494125139,sy tanya dokter dan perwat jaga mengenai kamar yg sudah di booking malah tidak tahu menahu dan mengatakan kamar kosong
101796006888494125139,sy minta ke dokter jaga tolong cek kondisi anak sy malah bertanya lagi anak sy knp  sy bingung apakah saat pergantian shift petugas tidak ada operan pekerjaan  tidak ada catatan mutasi tugas dan riwayat pasien saat sy minta tolong utk di perhatikan katanya tugas kami disini utk membantu pasang infus dan masukkan obat kami tidak mungkin bs mengurus pasien segitu banyak sedangkan kami hanya ber3 katanya
101796006888494125139,dan setelah komplain berkali kali baru ada tindakan ronsen dan tiba tiba pindah kamar
101796006888494125139,sy gk minta tolong cebokin anak sy gk minta utk di tungguin 24 jam
101796006888494125139,sy minta tolong di perhatikanlah pasiennya
101796006888494125139,tolong di visit
101796006888494125139,tanya kondisi pasien apakah ada perubahan  apa yg d rasakan  apa yg di butuhkan  biar ada isi laporan kalian
101796006888494125139,bukan datang trus kumpul haha hihi di pos jaga bahas coklat dubailah
101796006888494125139,p3k lah
101796006888494125139,pasien segini banyak kalian abaiiii kamar yg sudah di booking jgn main di serahkan ke orang lain
101796006888494125139,yg lebih dulu ya di dahulukan
101796006888494125139,walaupun pakai bpjs bpjs jg kami potong gaji baru bisa di pakai
101796006888494125139,gak potong gaji ya gk bs berobat
101796006888494125139,dan tolong untuk anak anak kesehatan  yg magang di ruang rawat inap jangan di lepas ke kamar pasien sendiri
101796006888494125139,perawat senior harus dampingi untuk di ajarkan
101796006888494125139,kasian ketika di tanya ini resep apa ini obat apa mereka bingung dan bolak balik nanya
109444188313157471099,pelayanan lamamenunggu selama 4 jam
117465927416697633738,komplain terhadap pelayanan poli urologi rsud kota mataram
117465927416697633738,saya ingin menyampaikan keluhan terkait pengalaman saya selaku keluarga pasien menemani pasien yang menjalani kontrol dan konsultasi di poli urologi rsud kota mataram
117465927416697633738,pengalaman ini saya rasa perlu mendapatkan perhatian serius karena berkaitan dengan kualitas pelayanan kesehatan dan keselamatan pasien
117465927416697633738,selama beberapa kali kunjungan kontrol ke poli urologi rsud kota mataram hanya satu kali pasien mendapatkan pelayanan langsung dari dokter
117465927416697633738,meskipun saat itu pun yang melayani sepertinya adalah seorang dokter muda koas
117465927416697633738,selebihnya pasien hanya dilayani dan konsultasi oleh seorang perawat di bagian poli urologi dan bertindak memberikan resep memberikan arahan tindakan penunjang dan sebagainya tanpa ada dokter spesialis urologi
117465927416697633738,komunikasi antara perawat dengan dokter spesialis urologi hanya dilakukan melalui whatsapp tanpa adanya pemeriksaan langsung oleh dokternya dengan alasan dokter spesialis urologinya sedang melakukan tindakan operasi
117465927416697633738,saya merasa hal ini sangat mengecewakan karena pelayanan yang pasien terima menjadi tidak optimal dan bisa dikatakan penanganan kesehatan pasien menjadi tertunda
117465927416697633738,sebagai keluarga pasien saya sangat mengharapkan adanya pelayanan secara langsung dari dokter spesialis yang kompeten karena ini menyangkut kondisi kesehatan pasien yang membutuhkan penanganan serius
117465927416697633738,keterlambatan dalam tindakan medis dapat berdampak buruk terhadap kondisi pasien bahkan menyangkut nyawa manusia
117465927416697633738,untuk itu saya memohon agar dilakukan evaluasi terhadap prosedur pelayanan di poli urologi rsud kota mataram
117465927416697633738,adanya jaminan bahwa dokter spesialis akan hadir langsung untuk melayani pasien bukan hanya melalui komunikasi jarak jauh seperti pesan whatsapp
117465927416697633738,komite medis dan bpjs kesehatan harus turut memastikan bahwa fasilitas kesehatan memberikan pelayanan sesuai dengan etika medis dan standar yang telah ditetapkan
105132432045727153590,kepada yang terhormat dokter yg ada di poli kulit dokter seharus nya ramah kepada pasien malah ini ngomong nya ketus kita ini bayar bukan gratis
101393392961599210763,poli anak lelet sekali
101393392961599210763,anak baru lahir nunggu dari jam 10an samape jam setengah 2 masih belum dapet diperiksa
101393392961599210763,tolong di benahi pelayanan
101432242276562043263,standar kesehatan yang memadai dan profesional
107997758326233762774,perawat sengak dan cuek
107997758326233762774,pada fokus main hp ama ngerumpi
107997758326233762774,apotek rawat jalan belum waktunya udah tutup
107997758326233762774,parkir motor belum 5 menit harus bayar 2000
103293656883669295430,pelayanan prima dokter perawat  staff sangat profesional dan ramah
112084771131758666723,selama dirawat di rs provinsi diruang 107 gili nanggu anak sya alhamdulillah sudah sembuh
112084771131758666723,pelayanan disini juga bagus dan lengkap
112084771131758666723,perawatnya juga ramah2
112084771131758666723,terimakah rs provensi
111385796036019085836,dokter nya di igd no senyum jutek judes
111385796036019085836,ngak ngecek nanya doang
109093991063892214596,pelayanan dirumah sakitnya lumayan
109093991063892214596,parkirnya motor yang parah sebentar aja sudah 2000 setengah hari sudah 4000 cepat rumah sakit kota ini kaya orang orangnya
108670662579000158768,sistem antrian pendaftaran sangat cepat dan mudah dengan sistem online mobile jkn
108670662579000158768,petugas security yang bertugas di pendaftaran sangat membantu
108670662579000158768,petugas di poli jg sangat ramah dan gercep terima kasih
108796051875401618529,pelayanan sangat bagus makanya kami sekeluarga berobat kesana
107106413120098302577,pengalaman di rawat di ruwangan gili trawangan 301 sangat baik sekali dan perawat perawatnya ramah dan sangat gercep dalam merawat ibuk sayaa
111340351260353920442,tgl 15 april 2025 jam 11 45 dokter sudh keluar skitar jam 10an sampe skrg blum balik
111340351260353920442,kasian pasien lansia capek nunggu
103489523646461075221,pelayanan terbaik
110046320366141568408,ranjang no 4 di ruang picu tidak bisa dipakai tidur
110046320366141568408,bayi saya tidak bisa tidur krn jika dipakai tidur ambles
110046320366141568408,protes berulangkali jawabannya tidak memuaskan
110046320366141568408,tolong diperhatikan keyamanan pasien
118039636942301588889,gimana caranya kalau daftar online
